# This file uses centimeters as units for non-parametric coordinates.

v 0.000000 8.277561 1.316847
v 0.000000 9.365483 1.278881
v 1.129263 8.326643 0.653057
v 1.118453 8.294466 0.662297
v 1.091749 8.280430 0.678995
v 0.651980 8.288008 0.177876
v 0.645754 8.256432 0.191664
v 0.630374 8.243528 0.219629
v 0.000000 8.267715 0.003939
v 0.000000 8.236301 0.019388
v 0.000000 8.223768 0.051457
v -0.651980 8.328467 0.177876
v -0.645754 8.296893 0.191664
v -0.630374 8.283985 0.219629
v -1.129263 8.373212 0.653057
v -1.118332 8.341034 0.662367
v -1.091329 8.326980 0.679238
v -1.303961 8.379695 1.307282
v -1.290856 8.346820 1.310312
v -1.258844 8.332208 1.311562
v -1.129263 8.221781 1.965448
v -1.117243 8.188126 1.961712
v -1.088475 8.173651 1.946583
v -0.651980 8.159737 2.451549
v -0.644537 8.125931 2.442172
v -0.627181 8.112556 2.414178
v 0.000000 8.188701 2.631485
v 0.000000 8.155058 2.619928
v 0.000000 8.142553 2.587342
v 0.651980 8.222814 2.451549
v 0.644780 8.188997 2.442584
v 0.627994 8.175577 2.415553
v 1.129263 8.285726 1.965448
v 1.117756 8.252088 1.962005
v 1.090217 8.237634 1.947579
v 1.303961 8.331534 1.307282
v 1.291254 8.298675 1.310312
v 1.260217 8.284104 1.311562
v 1.110296 9.195021 0.651009
v 1.099393 9.225890 0.654424
v 1.072661 9.241056 0.668462
v 0.641030 9.151404 0.183775
v 0.634782 9.182594 0.191722
v 0.619465 9.198751 0.216856
v 0.000000 9.135389 0.012759
v 0.000000 9.166735 0.022373
v 0.000000 9.183275 0.051594
v -0.641030 9.151404 0.183775
v -0.634782 9.182594 0.191722
v -0.619465 9.198751 0.216856
v -1.110296 9.195156 0.650997
v -1.099475 9.225920 0.654391
v -1.072945 9.241035 0.668361
v -1.282059 9.254404 1.289282
v -1.269644 9.284459 1.286468
v -1.239198 9.298094 1.285191
v -1.110296 9.251373 1.933400
v -1.099924 9.281152 1.924598
v -1.074144 9.294555 1.908394
v -0.641030 9.181430 2.411270
v -0.635029 9.211052 2.398575
v -0.619779 9.225464 2.372011
v 0.000000 9.152815 2.586464
v 0.000000 9.182253 2.572619
v 0.000000 9.196986 2.542802
v 0.641030 9.181430 2.411270
v 0.635224 9.211011 2.398901
v 0.620470 9.225316 2.373167
v 1.110296 9.251061 1.933429
v 1.100108 9.281047 1.924714
v 1.074784 9.294512 1.908768
v 1.282059 9.285856 1.286337
v 1.269479 9.315793 1.283534
v 1.238847 9.328838 1.282312
v 0.038303 9.148664 1.294144
v 0.038303 10.538184 1.257722
v 1.120316 9.333868 0.664967
v 1.110412 9.304260 0.670317
v 1.085825 9.288795 0.684463
v 0.661987 9.341493 0.206661
v 0.656990 9.311743 0.216593
v 0.643059 9.295998 0.241340
v 0.035776 9.345455 0.039649
v 0.037736 9.315939 0.051446
v 0.038837 9.300812 0.080363
v -0.589847 9.276109 0.209372
v -0.581551 9.247318 0.219535
v -0.566170 9.233909 0.244547
v -1.047272 9.265732 0.667843
v -1.034667 9.237280 0.673370
v -1.008744 9.224444 0.687679
v -1.214478 9.329490 1.291649
v -1.200861 9.300715 1.290967
v -1.171756 9.286735 1.290767
v -1.046382 9.318696 1.917158
v -1.034810 9.290154 1.910672
v -1.009873 9.276442 1.896409
v -0.588635 9.391127 2.370303
v -0.581515 9.362022 2.360390
v -0.566683 9.345445 2.337877
v 0.036783 9.530454 2.535209
v 0.037888 9.500710 2.523668
v 0.038303 9.481836 2.497119
v 0.662341 9.463192 2.370359
v 0.657598 9.433260 2.359948
v 0.644384 9.415931 2.336362
v 1.120250 9.348186 1.915701
v 1.110548 9.318876 1.909086
v 1.086223 9.303669 1.894729
v 1.287913 9.363150 1.290851
v 1.276288 9.333793 1.290130
v 1.247749 9.318765 1.289927
v 1.143852 10.216040 0.675751
v 1.133999 10.245812 0.682231
v 1.108574 10.261979 0.696444
v 0.688194 10.060749 0.184503
v 0.682190 10.090179 0.193699
v 0.667780 10.108248 0.216517
v 0.015368 10.067759 -0.003499
v 0.014059 10.097166 0.006522
v 0.014429 10.115626 0.032081
v -0.633271 10.127652 0.207092
v -0.630427 10.157787 0.216129
v -0.617605 10.176030 0.238312
v -1.108360 10.268555 0.677961
v -1.101282 10.299712 0.683892
v -1.077771 10.316195 0.696532
v -1.282384 10.430431 1.321200
v -1.272560 10.461348 1.322630
v -1.243486 10.475608 1.322902
v -1.108923 10.585625 1.964635
v -1.099181 10.616184 1.959377
v -1.072423 10.627653 1.943561
v -0.633723 10.647280 2.435069
v -0.628400 10.677769 2.425122
v -0.612689 10.688202 2.397798
v 0.014992 10.670078 2.607069
v 0.013634 10.700377 2.595251
v 0.013027 10.710235 2.563120
v 0.663422 10.648091 2.435139
v 0.655628 10.678161 2.425246
v 0.638692 10.688186 2.397710
v 1.138242 10.586549 1.964564
v 1.127098 10.616613 1.959272
v 1.100883 10.627567 1.942952
v 1.318735 10.431233 1.307013
v 1.306508 10.461853 1.308458
v 1.275878 10.475801 1.308687
v 0.000000 3.191952 0.559029
v 0.000000 4.082104 0.715387
v 1.261179 3.355568 -0.151520
v 1.251140 3.327946 -0.150487
v 1.226904 3.314503 -0.138643
v 0.728142 3.447798 -0.676519
v 0.722346 3.419430 -0.671309
v 0.708353 3.404217 -0.649375
v 0.000000 3.481545 -0.868682
v 0.000000 3.452923 -0.861942
v 0.000000 3.437044 -0.836315
v -0.728142 3.447798 -0.676519
v -0.722346 3.419430 -0.671309
v -0.708353 3.404217 -0.649375
v -1.261179 3.355568 -0.151520
v -1.251140 3.327946 -0.150487
v -1.226904 3.314503 -0.138643
v -1.456284 3.229603 0.565643
v -1.444692 3.202980 0.560967
v -1.416706 3.191952 0.559029
v -1.261179 3.103638 1.282805
v -1.251140 3.078014 1.272420
v -1.226904 3.069397 1.256701
v -0.728142 3.011419 1.807805
v -0.722346 2.986532 1.793240
v -0.708353 2.979676 1.767432
v 0.000000 2.977661 1.999967
v 0.000000 2.953039 1.983874
v 0.000000 2.946846 1.954372
v 0.728142 3.011419 1.807805
v 0.722346 2.986532 1.793240
v 0.708353 2.979676 1.767432
v 1.261179 3.103638 1.282805
v 1.251140 3.078014 1.272420
v 1.226904 3.069397 1.256701
v 1.456284 3.229603 0.565643
v 1.444692 3.202980 0.560967
v 1.416706 3.191952 0.559029
v 1.261179 4.036410 -0.022226
v 1.251925 4.063236 -0.011911
v 1.229262 4.073335 0.003579
v 0.728142 4.378740 -0.505556
v 0.722174 4.405306 -0.490394
v 0.708259 4.410753 -0.464966
v 0.000000 4.564281 -0.652657
v 0.000000 4.588745 -0.634478
v 0.000000 4.588837 -0.603947
v -0.728142 4.566283 -0.448104
v -0.720971 4.590456 -0.431246
v -0.705472 4.589742 -0.404115
v -1.261179 4.442513 0.064505
v -1.248900 4.467983 0.076175
v -1.221912 4.470249 0.092396
v -1.456284 4.103464 0.736606
v -1.443249 4.131706 0.741566
v -1.412853 4.141026 0.743204
v -1.261179 3.786995 1.412100
v -1.250991 3.815811 1.411381
v -1.226040 3.830759 1.399850
v -0.728142 3.484355 1.901254
v -0.722560 3.513178 1.897299
v -0.708372 3.532060 1.877698
v 0.000000 3.348801 2.075492
v 0.000175 3.377365 2.070708
v 0.000627 3.397735 2.048923
v 0.728142 3.441696 1.883386
v 0.723431 3.469721 1.880025
v 0.711237 3.489197 1.862000
v 1.261179 3.567972 1.358330
v 1.252892 3.595606 1.358527
v 1.231448 3.613577 1.349632
v 1.456284 3.761614 0.659093
v 1.446405 3.788729 0.664230
v 1.421298 3.803242 0.667739
v 0.035219 3.829199 0.676500
v 0.018381 5.027994 0.857134
v 1.215886 4.017048 0.014826
v 1.201591 3.976834 0.017265
v 1.166711 3.958323 0.035411
v 0.697991 4.052574 -0.490515
v 0.689996 4.011751 -0.481888
v 0.670433 3.991516 -0.448712
v 0.001552 4.046715 -0.680577
v 0.002084 4.005741 -0.669662
v 0.003285 3.985163 -0.630903
v -0.682299 4.015072 -0.500933
v -0.673842 3.973133 -0.492604
v -0.653276 3.950519 -0.460064
v -1.181777 3.935457 -0.007831
v -1.167007 3.894349 -0.005573
v -1.131115 3.874054 0.012230
v -1.363046 3.801886 0.662374
v -1.345259 3.763670 0.656622
v -1.302511 3.750156 0.654877
v -1.166056 3.734392 1.346517
v -1.150675 3.696993 1.332117
v -1.113548 3.686157 1.309651
v -0.639558 3.515817 1.865428
v -0.630443 3.478960 1.844378
v -0.608510 3.470158 1.806097
v 0.055650 3.546612 2.034739
v 0.055785 3.510326 2.011189
v 0.056144 3.503122 1.967579
v 0.761094 3.678589 1.879703
v 0.752444 3.640957 1.858715
v 0.731631 3.630258 1.820582
v 1.260572 3.798588 1.388415
v 1.245656 3.760166 1.373753
v 1.209646 3.746895 1.350661
v 1.420180 3.876826 0.698264
v 1.403293 3.837874 0.692309
v 1.362341 3.822512 0.690049
v 1.203095 4.994961 0.162457
v 1.188125 5.032051 0.176358
v 1.152921 5.047644 0.199323
v 0.688132 5.027971 -0.342413
v 0.679605 5.064659 -0.322511
v 0.659939 5.078976 -0.284859
v 0.000000 5.042013 -0.526952
v 0.000000 5.079174 -0.504677
v 0.000000 5.091499 -0.462061
v -0.682299 5.014011 -0.346288
v -0.674130 5.051541 -0.326172
v -0.654001 5.064696 -0.288885
v -1.181777 4.943970 0.148296
v -1.167576 4.982542 0.162520
v -1.132634 4.997879 0.185198
v -1.364598 4.884417 0.829503
v -1.347942 4.924457 0.835702
v -1.307351 4.941971 0.838413
v -1.178850 4.800141 1.552558
v -1.164148 4.840362 1.549923
v -1.127573 4.860106 1.532279
v -0.665977 4.910923 2.034258
v -0.657478 4.951531 2.024552
v -0.635749 4.971190 1.990591
v 0.027914 4.979496 2.233283
v 0.026804 5.019011 2.220015
v 0.026577 5.037028 2.178759
v 0.718327 4.958058 2.047348
v 0.707485 4.997156 2.036743
v 0.684701 5.015379 2.001253
v 1.220739 4.969502 1.544556
v 1.203785 5.007484 1.541017
v 1.165993 5.024719 1.521993
v 1.399875 4.968797 0.852936
v 1.381577 5.006199 0.858400
v 1.339378 5.023008 0.860910
v 0.003461 10.121294 1.343710
v 0.050566 11.287995 1.271266
v -1.186353 10.296409 1.238038
v -1.177195 10.274969 1.241371
v -1.155398 10.264968 1.244264
v -1.076326 10.311225 1.847301
v -1.067719 10.289236 1.845560
v -1.047416 10.278657 1.836962
v -0.679578 10.277575 2.321564
v -0.674079 10.255153 2.315495
v -0.660945 10.244732 2.297401
v -0.101994 10.207287 2.533604
v -0.101596 10.184806 2.525246
v -0.099707 10.175305 2.502434
v 0.501281 10.116340 2.426688
v 0.495863 10.094156 2.419001
v 0.485388 10.086127 2.397879
v 0.965306 10.004952 2.030579
v 0.955215 9.983650 2.026573
v 0.935196 9.977694 2.013553
v 1.172581 9.953012 1.449300
v 1.160636 9.932276 1.450840
v 1.136702 9.927430 1.449750
v 1.061093 9.927740 0.840658
v 1.050285 9.907472 0.847699
v 1.028697 9.903318 0.858735
v 0.656348 9.903360 0.369252
v 0.649261 9.883579 0.380245
v 0.635955 9.879941 0.400274
v 0.086855 10.013928 0.154540
v 0.085115 9.993567 0.167024
v 0.083114 9.987879 0.190723
v -0.514933 10.133578 0.260882
v -0.511574 10.113081 0.272019
v -0.502344 10.105847 0.292885
v -0.983354 10.213139 0.658186
v -0.976066 10.192369 0.666090
v -0.958226 10.183861 0.679530
v -1.262069 11.241858 1.161756
v -1.252445 11.263695 1.159836
v -1.228938 11.277666 1.160716
v -1.141210 11.259446 1.787477
v -1.132820 11.280814 1.781146
v -1.112015 11.288374 1.770387
v -0.705787 11.273015 2.273274
v -0.700519 11.294171 2.263937
v -0.687611 11.302047 2.244720
v -0.102792 11.243374 2.494667
v -0.101532 11.264493 2.484350
v -0.099359 11.273323 2.461879
v 0.533461 11.111929 2.377111
v 0.525688 11.137955 2.373362
v 0.517176 11.148023 2.353306
v 1.021966 11.069757 1.964718
v 1.017107 11.096297 1.959092
v 1.000488 11.107224 1.946108
v 1.283354 11.010245 1.357258
v 1.268978 11.037447 1.363210
v 1.248201 11.048418 1.360281
v 1.154855 11.042863 0.651711
v 1.148084 11.066009 0.652844
v 1.128386 11.076788 0.661011
v 0.757193 11.185155 0.206514
v 0.753172 11.208004 0.212293
v 0.740747 11.217372 0.231136
v 0.128031 11.283871 -0.000995
v 0.128552 11.306862 0.006282
v 0.127559 11.316141 0.029201
v -0.511398 11.292192 0.113807
v -0.506330 11.314819 0.120047
v -0.495757 11.323542 0.140710
v -1.012145 11.327736 0.532768
v -1.003614 11.350107 0.535526
v -0.983700 11.358635 0.548062
v 0.000000 6.216209 1.060391
v 0.000000 7.465023 1.182944
v 1.084862 6.368946 0.445967
v 1.074802 6.341760 0.449135
v 1.051142 6.328743 0.461582
v 0.626347 6.369155 -0.014734
v 0.620411 6.341083 -0.007194
v 0.606551 6.327180 0.015480
v 0.000000 6.330316 -0.187239
v 0.000000 6.302408 -0.177988
v 0.000000 6.289057 -0.151608
v -0.626445 6.326577 -0.019083
v -0.620545 6.298776 -0.011578
v -0.606890 6.285402 0.010792
v -1.085173 6.287758 0.437818
v -1.075082 6.260515 0.441000
v -1.051727 6.247962 0.453316
v -1.253171 6.225620 1.061254
v -1.241622 6.199144 1.058668
v -1.214882 6.187825 1.057582
v -1.085392 6.217197 1.690089
v -1.075404 6.191003 1.681735
v -1.052315 6.180326 1.667313
v -0.626650 6.200166 2.149360
v -0.620888 6.174501 2.136814
v -0.607565 6.164471 2.112643
v 0.000000 6.207937 2.318707
v 0.000000 6.182268 2.304678
v 0.000000 6.172317 2.276930
v 0.626520 6.242855 2.153324
v 0.620825 6.216830 2.140860
v 0.607504 6.206290 2.116642
v 1.085029 6.298317 1.697840
v 1.075185 6.272277 1.689584
v 1.051991 6.261135 1.675056
v 1.252751 6.336981 1.072184
v 1.241302 6.310376 1.069584
v 1.214284 6.298957 1.068488
v 1.104778 7.685294 0.575236
v 1.093919 7.711391 0.584096
v 1.068872 7.716619 0.599142
v 0.637849 7.739818 0.108584
v 0.631512 7.765522 0.122136
v 0.616827 7.769922 0.148127
v 0.000000 7.606546 -0.077847
v 0.000247 7.633590 -0.063170
v 0.000825 7.640245 -0.033368
v -0.637784 7.380893 0.068713
v -0.632644 7.408725 0.080853
v -0.619452 7.419546 0.106015
v -1.104584 7.114073 0.514238
v -1.096570 7.142110 0.522087
v -1.075046 7.156646 0.537136
v -1.275371 6.943312 1.138989
v -1.266907 6.971929 1.141795
v -1.243515 6.989095 1.143482
v -1.104411 6.867064 1.767280
v -1.097345 6.895617 1.765983
v -1.077391 6.914526 1.756263
v -0.637632 6.869209 2.234092
v -0.633773 6.897563 2.229765
v -0.622832 6.916734 2.211580
v 0.000000 6.896257 2.415304
v 0.000000 6.924840 2.409510
v 0.000000 6.943033 2.387589
v 0.637718 7.058748 2.258019
v 0.632836 7.087335 2.253060
v 0.619850 7.103411 2.233880
v 1.144577 7.204959 1.825868
v 1.135776 7.233634 1.823695
v 1.113399 7.247289 1.812342
v 1.351212 7.460198 1.197862
v 1.339666 7.487741 1.200566
v 1.312026 7.496762 1.201453
v 0.070955 5.259225 0.943677
v 0.070955 6.363064 1.095657
v 1.291232 5.304181 0.247507
v 1.282656 5.270848 0.248885
v 1.255461 5.254901 0.262981
v 0.775062 5.473624 -0.251677
v 0.770730 5.440373 -0.247100
v 0.755492 5.421839 -0.222726
v 0.069895 5.584615 -0.425375
v 0.070645 5.551192 -0.420320
v 0.070955 5.530693 -0.392919
v -0.635080 5.589432 -0.238412
v -0.629854 5.556663 -0.234487
v -0.614725 5.536945 -0.211016
v -1.151079 5.492999 0.273046
v -1.142390 5.459883 0.273715
v -1.115831 5.441211 0.286714
v -1.340763 5.249050 0.948807
v -1.328619 5.216775 0.944848
v -1.294894 5.202986 0.943151
v -1.152203 4.963963 1.622709
v -1.139900 4.932713 1.612486
v -1.108583 4.924434 1.594626
v -0.635666 4.757015 2.114006
v -0.627907 4.726740 2.097474
v -0.609668 4.723316 2.065692
v 0.070295 4.658915 2.284531
v 0.070743 4.629568 2.265651
v 0.070955 4.628900 2.229741
v 0.775991 4.751787 2.105918
v 0.769189 4.721409 2.089370
v 0.751595 4.718637 2.058032
v 1.292163 4.897928 1.604193
v 1.280757 4.866491 1.593992
v 1.250582 4.860010 1.576995
v 1.480392 5.146550 0.926121
v 1.469054 5.113751 0.922142
v 1.436207 5.102294 0.920830
v 1.193361 6.208301 0.393423
v 1.180792 6.236650 0.404077
v 1.155360 6.249700 0.420991
v 0.711296 6.320757 -0.078126
v 0.703576 6.348390 -0.061979
v 0.688690 6.359215 -0.033969
v 0.052448 6.366662 -0.250437
v 0.051924 6.393975 -0.232046
v 0.052081 6.403876 -0.200026
v -0.606735 6.342341 -0.075517
v -0.599775 6.370072 -0.059012
v -0.584459 6.380611 -0.030904
v -1.089317 6.276268 0.402485
v -1.076796 6.304947 0.413537
v -1.050222 6.317079 0.430509
v -1.265124 6.238523 1.062561
v -1.250829 6.268293 1.066155
v -1.219914 6.281749 1.067662
v -1.088132 6.216532 1.723961
v -1.075784 6.247348 1.720371
v -1.048592 6.261860 1.706229
v -0.606062 6.223724 2.210964
v -0.598765 6.255072 2.202031
v -0.582301 6.269887 2.176090
v 0.051999 6.185680 2.383478
v 0.051828 6.217278 2.372722
v 0.052147 6.232927 2.342474
v 0.710160 6.087916 2.192293
v 0.702660 6.119492 2.183631
v 0.686853 6.136791 2.157818
v 1.192270 6.039091 1.699460
v 1.180000 6.069838 1.696197
v 1.153747 6.087303 1.682605
v 1.369384 6.018859 1.039159
v 1.355273 6.048607 1.042976
v 1.325742 6.064749 1.045400
v 0.022871 7.456199 1.222042
v 0.000000 8.913070 1.329234
v 1.062034 7.271072 0.585931
v 1.039950 7.224882 0.594278
v 0.994707 7.213346 0.619950
v 0.606345 7.292995 0.130750
v 0.593466 7.245908 0.148064
v 0.568188 7.232948 0.192665
v -0.016170 7.348297 -0.033663
v -0.016909 7.300693 -0.013846
v -0.016322 7.285678 0.036366
v -0.638705 7.441446 0.137687
v -0.628151 7.393165 0.152848
v -0.602823 7.375126 0.193967
v -1.094473 7.547465 0.599021
v -1.077318 7.499277 0.605106
v -1.036463 7.478455 0.627022
v -1.261273 7.579690 1.225831
v -1.242704 7.532688 1.221645
v -1.197541 7.510509 1.220311
v -1.094461 7.617108 1.851822
v -1.079198 7.571343 1.838333
v -1.040748 7.548285 1.814942
v -0.638745 7.610936 2.306967
v -0.630076 7.565839 2.286543
v -0.606929 7.543673 2.246428
v -0.016273 7.531631 2.469184
v -0.017713 7.487474 2.445218
v -0.018778 7.468654 2.396963
v 0.626482 7.420625 2.297642
v 0.614761 7.376175 2.275116
v 0.590008 7.360054 2.231229
v 1.073591 7.322317 1.844113
v 1.053096 7.277368 1.828195
v 1.009341 7.264136 1.800504
v 1.228811 7.288341 1.209906
v 1.203818 7.243108 1.205148
v 1.151253 7.231772 1.202531
v 1.083232 8.810761 0.694914
v 1.069038 8.855634 0.707678
v 1.029978 8.875308 0.732186
v 0.624804 8.832657 0.236993
v 0.617199 8.876846 0.255890
v 0.595052 8.895458 0.296649
v -0.001495 8.840929 0.069374
v -0.000432 8.884718 0.090327
v 0.000000 8.902842 0.136721
v -0.627781 8.832846 0.236915
v -0.618262 8.876986 0.255526
v -0.595585 8.895444 0.295725
v -1.086157 8.878497 0.697783
v -1.070088 8.923098 0.710615
v -1.030798 8.940637 0.734755
v -1.253888 8.924405 1.326507
v -1.234422 8.969410 1.330970
v -1.187593 8.986077 1.332923
v -1.086124 8.925301 1.952943
v -1.068268 8.971116 1.948016
v -1.026404 8.988336 1.926119
v -0.627906 8.903192 2.410561
v -0.616755 8.949785 2.398144
v -0.591965 8.968175 2.357917
v -0.001882 8.864229 2.576941
v -0.000667 8.911236 2.561636
v -0.000322 8.931018 2.514568
v 0.624245 8.796377 2.406118
v 0.615885 8.843765 2.393890
v 0.592209 8.865559 2.353896
v 1.082815 8.750791 1.945522
v 1.068071 8.797745 1.940605
v 1.027712 8.820424 1.918926
v 1.250898 8.781060 1.320362
v 1.234113 8.826752 1.324426
v 1.188544 8.847806 1.326208
v 0.000000 8.832485 1.355264
v 0.000000 9.710085 1.273083
v 1.018345 8.910001 0.757491
v 1.008750 8.883119 0.765536
v 0.985046 8.871449 0.780284
v 0.587942 8.869665 0.328982
v 0.582415 8.843309 0.341064
v 0.568762 8.832639 0.365814
v 0.000000 8.854976 0.172129
v 0.000000 8.828758 0.185686
v 0.000000 8.818427 0.214078
v -0.587942 8.869665 0.328982
v -0.582415 8.843309 0.341064
v -0.568762 8.832639 0.365814
v -1.018345 8.910001 0.757491
v -1.008642 8.883116 0.765598
v -0.984673 8.871437 0.780500
v -1.175884 8.918659 1.347194
v -1.164251 8.891160 1.349727
v -1.135836 8.878941 1.350766
v -1.018345 8.891558 1.940247
v -1.007676 8.863380 1.936772
v -0.982140 8.851193 1.923281
v -0.587942 8.832783 2.378037
v -0.581334 8.804451 2.369555
v -0.565929 8.793124 2.344655
v 0.000000 8.793032 2.539987
v 0.000000 8.764826 2.529574
v 0.000000 8.754206 2.500603
v 0.587942 8.832783 2.378037
v 0.581551 8.804435 2.369922
v 0.566650 8.793075 2.345875
v 1.018345 8.891558 1.940247
v 1.008131 8.863387 1.937032
v 0.983685 8.851223 1.924164
v 1.175884 8.918659 1.347194
v 1.164605 8.891179 1.349726
v 1.137054 8.878991 1.350766
v 1.018345 9.603262 0.692572
v 1.008195 9.631154 0.695844
v 0.983608 9.644037 0.708891
v 0.587942 9.563264 0.264031
v 0.582122 9.591455 0.271515
v 0.568025 9.605252 0.294747
v 0.000000 9.548574 0.107179
v 0.000000 9.576911 0.116215
v 0.000000 9.591060 0.143208
v -0.587942 9.563264 0.264031
v -0.582122 9.591455 0.271515
v -0.568025 9.605252 0.294747
v -1.018345 9.603262 0.692572
v -1.008264 9.631149 0.695804
v -0.983845 9.644019 0.708755
v -1.175884 9.686599 1.275282
v -1.164162 9.713601 1.272754
v -1.135969 9.724530 1.271730
v -1.018345 9.654756 1.868778
v -1.008461 9.681805 1.860514
v -0.984174 9.693167 1.845366
v -0.587942 9.590929 2.307041
v -0.582393 9.617649 2.295256
v -0.568433 9.629853 2.270759
v 0.000000 9.564707 2.467725
v 0.000000 9.591263 2.454893
v 0.000000 9.603786 2.427452
v 0.587942 9.590929 2.307041
v 0.582579 9.617624 2.295570
v 0.569089 9.629766 2.271866
v 1.018345 9.654756 1.868778
v 1.008844 9.681802 1.860736
v 0.985497 9.693143 1.846136
v 1.175884 9.686599 1.275282
v 1.164162 9.713601 1.272754
v 1.135969 9.724530 1.271730
v 0.032995 10.934381 1.240007
v 0.032995 12.139266 1.213506
v 1.035739 10.963615 0.658327
v 1.021504 10.924276 0.668068
v 0.987217 10.908728 0.688512
v 0.610852 11.026615 0.231968
v 0.603756 10.987912 0.247623
v 0.584714 10.971184 0.281552
v 0.030412 11.101216 0.074737
v 0.032263 11.062896 0.092064
v 0.032995 11.044606 0.130420
v -0.549912 11.103346 0.230303
v -0.539794 11.065854 0.245124
v -0.520213 11.047921 0.278083
v -0.974858 11.113404 0.655045
v -0.958496 11.075195 0.663868
v -0.924643 11.056754 0.683280
v -1.129735 10.990422 1.238232
v -1.109852 10.952401 1.238706
v -1.067808 10.936987 1.238909
v -0.973842 10.852386 1.821475
v -0.955104 10.814137 1.812602
v -0.916186 10.802077 1.792037
v -0.548999 10.738062 2.248632
v -0.537244 10.699427 2.231167
v -0.514365 10.690401 2.192660
v 0.031084 10.640247 2.406201
v 0.032399 10.602298 2.385333
v 0.032995 10.595846 2.340859
v 0.611030 10.692418 2.249855
v 0.601868 10.653403 2.231989
v 0.580365 10.645090 2.193671
v 1.035735 10.744968 1.824050
v 1.019141 10.705977 1.814782
v 0.981628 10.695991 1.794460
v 1.191263 10.857840 1.241221
v 1.173468 10.818048 1.241701
v 1.132511 10.804928 1.241851
v 1.036309 11.934722 0.619910
v 1.023037 11.974046 0.626352
v 0.990164 11.993340 0.645287
v 0.591744 11.995759 0.174554
v 0.583419 12.035383 0.186420
v 0.564667 12.054099 0.219948
v -0.015335 11.956652 0.011637
v -0.016593 11.996699 0.025517
v -0.015717 12.015316 0.064300
v -0.622462 11.948906 0.174316
v -0.617089 11.989155 0.186608
v -0.598101 12.007874 0.220713
v -1.066816 11.912850 0.618717
v -1.055623 11.953669 0.625348
v -1.021211 11.972462 0.644180
v -1.230380 12.003116 1.224709
v -1.216415 12.043572 1.224218
v -1.176501 12.060743 1.224027
v -1.068302 12.124929 1.830797
v -1.055470 12.165017 1.822116
v -1.020105 12.180062 1.801435
v -0.623900 12.239933 2.274230
v -0.616203 12.279421 2.259200
v -0.594707 12.292246 2.223459
v -0.016341 12.183336 2.437467
v -0.016817 12.222540 2.420058
v -0.015596 12.235300 2.378328
v 0.591462 12.114122 2.276999
v 0.582142 12.154097 2.262593
v 0.560924 12.170156 2.226582
v 1.036314 11.998790 1.834478
v 1.022311 12.038383 1.826473
v 0.987766 12.057021 1.806093
v 1.199081 11.897746 1.228176
v 1.183986 11.937283 1.227535
v 1.145660 11.957437 1.226890
v 1.789966 29.866458 -2.319425
v 1.663351 29.823760 -2.257673
v 1.664128 29.724962 -2.134416
v 1.790538 29.666987 -2.072917
v 1.917211 29.709886 -2.135095
v 1.917028 29.808275 -2.258542
v 0.805390 28.618479 -3.091674
v 0.804364 28.701520 -2.949161
v 0.808726 28.608268 -2.818347
v 0.814067 28.433245 -2.830453
v 0.814911 28.347258 -2.972849
v 0.810471 28.440746 -3.102615
v 1.765334 32.283599 0.232042
v 1.631446 32.336097 0.171923
v 1.631664 32.441749 0.051754
v 1.765213 32.495670 -0.008679
v 1.899447 32.442943 0.051593
v 1.899659 32.336639 0.172241
v 0.888893 33.168207 0.974871
v 0.887169 33.107794 0.826843
v 0.887159 33.206576 0.700791
v 0.888829 33.365801 0.722833
v 0.890384 33.426237 0.870838
v 0.890322 33.327425 0.996824
v 1.600054 32.544479 0.357456
v 1.599978 32.650268 0.237310
v 1.739589 32.708449 0.180831
v 1.880119 32.659937 0.244802
v 1.880247 32.553558 0.365362
v 1.739841 32.496173 0.421444
v 1.541674 32.739891 0.536015
v 1.541649 32.845854 0.416108
v 1.682639 32.917674 0.372113
v 1.824578 32.883070 0.448460
v 1.824840 32.776633 0.568691
v 1.682939 32.705181 0.612165
v 1.464217 32.905512 0.684763
v 1.464005 33.011375 0.565239
v 1.589953 33.111190 0.545549
v 1.716286 33.105247 0.646050
v 1.716602 32.999052 0.765841
v 1.590541 32.899042 0.784788
v 1.365094 33.019233 0.773850
v 1.364859 33.117919 0.648520
v 1.448606 33.254237 0.652824
v 1.532900 33.291984 0.782957
v 1.533193 33.193110 0.908488
v 1.449242 33.056614 0.903643
v 1.208300 33.074987 0.817885
v 1.208222 33.173758 0.692157
v 1.235660 33.330211 0.712092
v 1.262770 33.387900 0.857934
v 1.262838 33.289054 0.983741
v 1.235934 33.132583 0.963619
v 1.621737 29.586871 -2.480141
v 1.626588 29.490612 -2.354575
v 1.763088 29.432598 -2.296142
v 1.895887 29.474365 -2.363571
v 1.891668 29.567306 -2.489418
v 1.754467 29.628021 -2.547216
v 1.569649 29.352535 -2.680274
v 1.579367 29.260008 -2.548816
v 1.721924 29.202591 -2.498345
v 1.855695 29.237518 -2.579728
v 1.846761 29.330189 -2.711320
v 1.703339 29.387604 -2.761322
v 1.486097 29.149622 -2.829635
v 1.500045 29.060468 -2.695188
v 1.634166 28.985615 -2.665021
v 1.755008 28.997944 -2.769704
v 1.741530 29.088415 -2.904228
v 1.606695 29.162262 -2.934047
v 1.357550 29.016109 -2.915625
v 1.370824 28.931898 -2.779340
v 1.457866 28.806863 -2.772657
v 1.531740 28.758180 -2.902484
v 1.518598 28.842204 -3.038865
v 1.431558 28.973905 -3.045289
v 1.141452 28.852743 -2.949291
v 1.148172 28.763889 -2.815435
v 1.172362 28.599756 -2.822868
v 1.189799 28.512130 -2.964243
v 1.183063 28.600780 -3.098126
v 1.159037 28.776129 -3.090601
v 0.526594 33.216959 0.974870
v 0.526594 33.376232 0.996838
v 0.526594 33.475035 0.870834
v 0.526594 33.412566 0.722542
v 0.526594 33.156477 0.826838
v 0.526594 33.255264 0.700787
v 0.086458 33.267973 0.974870
v 0.086458 33.266162 0.970410
v 0.086458 33.427223 0.996840
v 0.086458 33.526030 0.870834
v 0.086458 33.463360 0.722508
v 0.086458 33.306300 0.700785
v 0.086458 33.207514 0.826836
v -0.000000 33.267973 0.974870
v -0.000000 33.427223 0.996840
v -0.000000 33.526030 0.870834
v -0.000000 33.463360 0.722508
v -0.000000 33.306300 0.700785
v -0.000000 33.207514 0.826836
v -0.000000 33.266162 0.970410
v 0.080428 28.389904 -3.022791
v 0.080428 28.224895 -3.028140
v 0.080428 28.141303 -2.930590
v 0.080428 28.222816 -2.830700
v 0.080428 28.467323 -2.925958
v 0.080428 28.383525 -2.828383
v 1.944494 30.116070 -1.776976
v 1.989110 30.918849 -1.071628
v 1.943979 31.721624 -0.366280
v 1.944784 31.824587 -0.489644
v 1.989596 31.021466 -1.193944
v 1.945072 30.218342 -1.898245
v 1.833609 31.879900 -0.549464
v 1.896847 31.077264 -1.254923
v 1.834020 30.274631 -1.960384
v 1.723760 31.829780 -0.486275
v 1.804870 31.028487 -1.193331
v 1.723777 30.227190 -1.900389
v 1.724062 31.727133 -0.364785
v 1.805243 30.926620 -1.071983
v 1.724368 30.126116 -1.779182
v 1.833507 31.673423 -0.304967
v 1.896737 30.871566 -1.011378
v 1.834038 30.069703 -1.717788
v 0.000000 28.389904 -3.021577
v -0.000000 28.467323 -2.925401
v -0.000000 28.383525 -2.828487
v -0.000000 28.222816 -2.830790
v 0.000000 28.141303 -2.930001
v 0.000000 28.224895 -3.026889
v -1.789966 29.866458 -2.319425
v -1.663351 29.823760 -2.257673
v -1.664128 29.724962 -2.134416
v -1.790538 29.666987 -2.072917
v -1.917211 29.709886 -2.135095
v -1.917028 29.808275 -2.258542
v -0.805390 28.618479 -3.091674
v -0.804364 28.701520 -2.949161
v -0.808726 28.608268 -2.818347
v -0.814067 28.433245 -2.830453
v -0.814911 28.347258 -2.972849
v -0.810471 28.440746 -3.102615
v -1.765334 32.283599 0.232042
v -1.631446 32.336097 0.171923
v -1.631664 32.441749 0.051754
v -1.765213 32.495670 -0.008679
v -1.899447 32.442943 0.051593
v -1.899659 32.336639 0.172241
v -0.888893 33.168207 0.974871
v -0.887169 33.107794 0.826843
v -0.887159 33.206576 0.700791
v -0.888829 33.365801 0.722833
v -0.890384 33.426237 0.870838
v -0.890322 33.327425 0.996824
v -1.600054 32.544479 0.357456
v -1.599978 32.650268 0.237310
v -1.739589 32.708449 0.180831
v -1.880119 32.659937 0.244802
v -1.880247 32.553558 0.365362
v -1.739841 32.496173 0.421444
v -1.541674 32.739891 0.536015
v -1.541649 32.845854 0.416108
v -1.682639 32.917674 0.372113
v -1.824578 32.883070 0.448460
v -1.824840 32.776633 0.568691
v -1.682939 32.705181 0.612165
v -1.464217 32.905512 0.684763
v -1.464005 33.011375 0.565239
v -1.589953 33.111190 0.545549
v -1.716286 33.105247 0.646050
v -1.716602 32.999052 0.765841
v -1.590541 32.899042 0.784788
v -1.365094 33.019233 0.773850
v -1.364859 33.117919 0.648520
v -1.448606 33.254237 0.652824
v -1.532900 33.291984 0.782957
v -1.533193 33.193110 0.908488
v -1.449242 33.056614 0.903643
v -1.208300 33.074987 0.817885
v -1.208222 33.173758 0.692157
v -1.235660 33.330211 0.712092
v -1.262770 33.387900 0.857934
v -1.262838 33.289054 0.983741
v -1.235934 33.132583 0.963619
v -1.621737 29.586871 -2.480141
v -1.626588 29.490612 -2.354575
v -1.763088 29.432598 -2.296142
v -1.895887 29.474365 -2.363571
v -1.891668 29.567306 -2.489418
v -1.754467 29.628021 -2.547216
v -1.569649 29.352535 -2.680274
v -1.579367 29.260008 -2.548816
v -1.721924 29.202591 -2.498345
v -1.855695 29.237518 -2.579728
v -1.846761 29.330189 -2.711320
v -1.703339 29.387604 -2.761322
v -1.486097 29.149622 -2.829635
v -1.500045 29.060468 -2.695188
v -1.634166 28.985615 -2.665021
v -1.755008 28.997944 -2.769704
v -1.741530 29.088415 -2.904228
v -1.606695 29.162262 -2.934047
v -1.357550 29.016109 -2.915625
v -1.370824 28.931898 -2.779340
v -1.457866 28.806863 -2.772657
v -1.531740 28.758180 -2.902484
v -1.518598 28.842204 -3.038865
v -1.431558 28.973905 -3.045289
v -1.141452 28.852743 -2.949291
v -1.148172 28.763889 -2.815435
v -1.172362 28.599756 -2.822868
v -1.189799 28.512130 -2.964243
v -1.183063 28.600780 -3.098126
v -1.159037 28.776129 -3.090601
v -0.526594 33.216959 0.974870
v -0.526594 33.376232 0.996838
v -0.526594 33.475035 0.870834
v -0.526594 33.412566 0.722542
v -0.526594 33.156477 0.826838
v -0.526594 33.255264 0.700787
v -0.086458 33.267973 0.974870
v -0.086458 33.266162 0.970410
v -0.086458 33.427223 0.996840
v -0.086458 33.526030 0.870834
v -0.086458 33.463360 0.722508
v -0.086458 33.306300 0.700785
v -0.086458 33.207514 0.826836
v -0.080428 28.389904 -3.022791
v -0.080428 28.224895 -3.028140
v -0.080428 28.141303 -2.930590
v -0.080428 28.222816 -2.830700
v -0.080428 28.467323 -2.925958
v -0.080428 28.383525 -2.828383
v -1.944494 30.116070 -1.776976
v -1.997857 30.918849 -1.071628
v -1.943979 31.721624 -0.366280
v -1.944784 31.824587 -0.489644
v -1.998342 31.021466 -1.193944
v -1.945072 30.218342 -1.898245
v -1.833609 31.879900 -0.549464
v -1.905593 31.077264 -1.254923
v -1.834020 30.274631 -1.960384
v -1.723760 31.829780 -0.486275
v -1.813616 31.028487 -1.193331
v -1.723777 30.227190 -1.900389
v -1.724062 31.727133 -0.364785
v -1.813989 30.926620 -1.071983
v -1.724368 30.126116 -1.779182
v -1.833507 31.673423 -0.304967
v -1.905483 30.871566 -1.011378
v -1.834038 30.069703 -1.717788
v 1.633389 28.298564 -2.101188
v 1.639480 28.135755 -2.101589
v 1.768667 28.052715 -2.101629
v 1.892747 28.134248 -2.101260
v 1.887253 28.296935 -2.100858
v 1.757426 28.379626 -2.100820
v 0.810558 28.349641 -3.011805
v 0.812883 28.273025 -2.886414
v 0.818155 28.111525 -2.887585
v 0.821141 28.025383 -3.013175
v 0.818801 28.102470 -3.138623
v 0.813534 28.263836 -3.138042
v 1.622511 28.135963 -2.408989
v 1.616431 28.298770 -2.408495
v 1.738687 28.379811 -2.423066
v 1.866728 28.297098 -2.438095
v 1.872218 28.134413 -2.438519
v 1.749921 28.052900 -2.423942
v 1.536694 28.133733 -2.640104
v 1.530731 28.296547 -2.639311
v 1.633934 28.377085 -2.702726
v 1.742855 28.293871 -2.766771
v 1.748318 28.131183 -2.767266
v 1.645082 28.050167 -2.703823
v 1.373437 28.128787 -2.792038
v 1.367763 28.291602 -2.790966
v 1.423746 28.370714 -2.899838
v 1.485280 28.286065 -3.009500
v 1.490674 28.123369 -3.010061
v 1.434680 28.043791 -2.901140
v 1.129244 28.121016 -2.871837
v 1.123848 28.283840 -2.870665
v 1.134726 28.361518 -2.995657
v 1.150997 28.275429 -3.121497
v 1.156326 28.112739 -3.122081
v 1.145457 28.034586 -2.997032
v 1.631975 28.295858 -1.026746
v 1.638067 28.133057 -1.027148
v 1.767254 28.050007 -1.027187
v 1.891333 28.131540 -1.026818
v 1.885840 28.294225 -1.026416
v 1.756012 28.376921 -1.026379
v 1.630562 28.288355 0.047696
v 1.636653 28.125576 0.047294
v 1.765840 28.044717 0.047255
v 1.889920 28.127760 0.047624
v 1.884426 28.290445 0.048026
v 1.754598 28.371624 0.048063
v 0.805064 28.307346 1.002508
v 0.807742 28.230732 0.875780
v 0.813055 28.067896 0.876155
v 0.815734 27.980411 1.002348
v 0.813041 28.057497 1.129135
v 0.807731 28.220184 1.129431
v 1.618875 28.120807 0.354645
v 1.612795 28.283609 0.354955
v 1.735012 28.367446 0.370255
v 1.863013 28.286976 0.385204
v 1.868504 28.124286 0.384824
v 1.746245 28.040584 0.369515
v 1.532444 28.113212 0.587733
v 1.526482 28.276025 0.587776
v 1.629523 28.358947 0.649915
v 1.738276 28.278024 0.713533
v 1.743739 28.115339 0.713224
v 1.640670 28.032102 0.649395
v 1.368759 28.101846 0.745259
v 1.363087 28.264661 0.744991
v 1.418793 28.344736 0.851350
v 1.480048 28.261247 0.958412
v 1.485442 28.098550 0.958168
v 1.429726 28.017891 0.851128
v 1.124286 28.086212 0.838092
v 1.118891 28.249037 0.837726
v 1.129444 28.326495 0.961630
v 1.145388 28.240154 1.086279
v 1.150717 28.077467 1.085978
v 1.140173 27.999553 0.961556
v 0.000248 28.230180 -2.881094
v 0.004515 28.099479 -2.882042
v 0.006932 28.029760 -2.983688
v 0.005038 28.092149 -3.085217
v 0.000775 28.222748 -3.084747
v -0.001634 28.292192 -2.982579
v -0.005660 28.194355 0.913711
v -0.000346 28.031519 0.914085
v 0.002332 27.944034 1.040279
v -0.000361 28.021117 1.167143
v -0.005670 28.183807 1.167362
v -0.008337 28.270964 1.040515
v -1.636137 28.191869 -2.105758
v -1.631600 28.029014 -2.106162
v -1.755097 27.937720 -2.106555
v -1.884229 28.010993 -2.106540
v -1.889355 28.173692 -2.106137
v -1.765195 28.264671 -2.105745
v -0.815843 28.296570 -3.014079
v -0.813518 28.219944 -2.888688
v -0.808246 28.058450 -2.889858
v -0.805259 27.972311 -3.015449
v -0.807599 28.049396 -3.140896
v -0.812866 28.210762 -3.140315
v -1.613821 28.030355 -2.413513
v -1.618370 28.193207 -2.413017
v -1.745608 28.266107 -2.427937
v -1.867942 28.175224 -2.443315
v -1.862813 28.012525 -2.443740
v -1.735502 27.939159 -2.428814
v -1.527397 28.033749 -2.644388
v -1.532063 28.196596 -2.643592
v -1.640120 28.270239 -2.707303
v -1.743205 28.180107 -2.771644
v -1.738048 28.017408 -2.772140
v -1.629927 27.943296 -2.708401
v -1.363740 28.039459 -2.795864
v -1.368697 28.202302 -2.794791
v -1.429414 28.277601 -2.903826
v -1.484991 28.189136 -3.013652
v -1.479766 28.026439 -3.014213
v -1.419007 27.950664 -2.905129
v -1.119339 28.047635 -2.874980
v -1.124573 28.210464 -2.873808
v -1.140143 28.287280 -2.998837
v -1.150415 28.200331 -3.124714
v -1.145124 28.037632 -3.125298
v -1.129532 27.960350 -3.000212
v -1.637550 28.189161 -1.031316
v -1.633013 28.026311 -1.031720
v -1.756511 27.935015 -1.032113
v -1.885642 28.008285 -1.032098
v -1.890769 28.170984 -1.031695
v -1.766609 28.261963 -1.031303
v -1.638964 28.181660 0.043126
v -1.634427 28.018830 0.042722
v -1.757924 27.929725 0.042329
v -1.887056 28.004505 0.042344
v -1.892183 28.167204 0.042747
v -1.768022 28.256673 0.043139
v -0.821336 28.254272 1.000234
v -0.818659 28.177655 0.873506
v -0.813346 28.014824 0.873881
v -0.810667 27.927337 1.000074
v -0.813360 28.004422 1.126862
v -0.818669 28.167112 1.127158
v -1.617458 28.015192 0.350121
v -1.622006 28.178051 0.350433
v -1.749283 28.253741 0.365385
v -1.871656 28.165100 0.379984
v -1.866527 28.002398 0.379602
v -1.739177 27.926845 0.364642
v -1.531647 28.013227 0.583449
v -1.536312 28.176075 0.583495
v -1.644531 28.252104 0.645338
v -1.747784 28.164263 0.708660
v -1.742627 28.001564 0.708350
v -1.634339 27.925224 0.644817
v -1.368418 28.012523 0.741432
v -1.373373 28.175361 0.741166
v -1.434367 28.251621 0.847362
v -1.490223 28.164320 0.954260
v -1.484998 28.001621 0.954016
v -1.423961 27.924764 0.847138
v -1.124297 28.012832 0.834968
v -1.129529 28.175661 0.834602
v -1.145426 28.252252 0.958450
v -1.156024 28.165063 1.083062
v -1.150733 28.002364 1.082774
v -1.134816 27.925318 0.958375
v -1.118500 27.609015 0.683653
v -1.140111 27.654014 0.792297
v -1.149062 27.762662 0.837299
v 1.149062 27.762662 0.837299
v 1.140111 27.654014 0.792297
v 1.118500 27.609015 0.683653
v -1.487801 33.918372 0.314352
v -1.596445 33.873374 0.335963
v -1.641447 33.764728 0.344914
v -1.641447 33.764728 -2.398720
v -1.596445 33.873374 -2.389768
v -1.487801 33.918372 -2.368158
v -1.149062 33.764728 0.837299
v -1.140111 33.873374 0.792297
v -1.118500 33.918372 0.683653
v 1.118500 33.918372 0.683653
v 1.140111 33.873374 0.792297
v 1.149062 33.764728 0.837299
v 1.641447 33.764728 0.344914
v 1.596445 33.873374 0.335963
v 1.487801 33.918372 0.314352
v 1.487801 33.918372 -2.368158
v 1.596445 33.873374 -2.389768
v 1.641447 33.764728 -2.398720
v -1.118500 33.918372 -2.737459
v -1.140111 33.873374 -2.846103
v -1.149062 33.764728 -2.891105
v 1.149062 33.764728 -2.891105
v 1.140111 33.873374 -2.846103
v 1.118500 33.918372 -2.737459
v -1.641447 27.762662 0.344914
v -1.596445 27.654014 0.335963
v -1.487801 27.609015 0.314352
v -1.487801 27.609015 -2.368158
v -1.596445 27.654014 -2.389768
v -1.641447 27.762662 -2.398720
v -1.149062 27.762662 -2.891105
v -1.140111 27.654014 -2.846103
v -1.118500 27.609015 -2.737459
v 1.118500 27.609015 -2.737459
v 1.140111 27.654014 -2.846103
v 1.149062 27.762662 -2.891105
v 1.487801 27.609015 0.314352
v 1.596445 27.654014 0.335963
v 1.641447 27.762662 0.344914
v 1.641447 27.762662 -2.398720
v 1.596445 27.654014 -2.389768
v 1.487801 27.609015 -2.368158
v -1.497231 27.762662 0.693083
v -1.462788 27.654014 0.658640
v -1.379635 27.609015 0.575487
v -1.379635 33.918372 0.575487
v -1.462788 33.873374 0.658640
v -1.497231 33.764728 0.693083
v 1.497231 27.762662 0.693083
v 1.462788 27.654014 0.658640
v 1.379635 27.609015 0.575487
v 1.379635 33.918372 0.575487
v 1.462788 33.873374 0.658640
v 1.497231 33.764728 0.693083
v -1.497231 33.764728 -2.746888
v -1.462788 33.873374 -2.712446
v -1.379635 33.918372 -2.629293
v -1.379635 27.609015 -2.629293
v -1.462788 27.654014 -2.712446
v -1.497231 27.762662 -2.746888
v 1.497231 33.764728 -2.746888
v 1.462788 33.873374 -2.712446
v 1.379635 33.918372 -2.629293
v 1.379635 27.609015 -2.629293
v 1.462788 27.654014 -2.712446
v 1.497231 27.762662 -2.746888
v 0.000000 3.282343 0.523376
v 1.705509 0.941796 -0.897379
v 1.643457 0.665518 -0.910594
v 1.404658 0.430022 -0.812810
v 0.984676 1.069218 -1.606860
v 0.948850 0.788311 -1.594264
v 0.810980 0.534967 -1.397141
v 0.000000 1.115856 -1.866552
v 0.000000 0.833248 -1.844503
v 0.000000 0.573368 -1.611021
v -0.984676 1.069218 -1.606860
v -0.948850 0.788311 -1.594264
v -0.810980 0.534967 -1.397141
v -1.705509 0.941796 -0.897379
v -1.643457 0.665518 -0.910594
v -1.404658 0.430022 -0.812810
v -1.969353 0.767744 0.071793
v -1.897701 0.497808 0.023315
v -1.621959 0.286669 -0.014600
v -1.705509 0.593693 1.040965
v -1.643457 0.330101 0.957227
v -1.404658 0.143354 0.783615
v -0.984676 0.466280 1.750449
v -0.948850 0.207319 1.640897
v -0.810980 0.038404 1.367945
v 0.000000 0.419646 2.010139
v 0.000000 0.162405 1.891142
v 0.000000 -0.000017 1.581824
v 0.984676 0.466280 1.750449
v 0.948850 0.207319 1.640897
v 0.810980 0.038404 1.367945
v 1.705509 0.593693 1.040965
v 1.643457 0.330101 0.957227
v 1.404658 0.143354 0.783615
v 1.969353 0.767744 0.071793
v 1.897701 0.497808 0.023315
v 1.621959 0.286669 -0.014600
v 1.439534 3.367634 -0.305827
v 1.495406 3.349267 -0.341898
v 1.521421 3.292545 -0.367347
v 0.827426 3.475813 -0.908299
v 0.859684 3.461634 -0.967613
v 0.874704 3.406847 -1.003883
v -0.008728 3.515429 -1.128816
v -0.008728 3.502754 -1.196641
v -0.008728 3.448683 -1.236870
v -0.844883 3.475813 -0.908299
v -0.877141 3.461634 -0.967613
v -0.892161 3.406847 -1.003883
v -1.456990 3.367634 -0.305827
v -1.512863 3.349267 -0.341898
v -1.538878 3.292545 -0.367347
v -1.681037 3.219837 0.517164
v -1.745554 3.195776 0.512842
v -1.775593 3.136396 0.502175
v -1.456990 3.072029 1.340148
v -1.512863 3.042264 1.367578
v -1.538878 2.980241 1.371698
v -0.844883 2.963852 1.942622
v -0.877141 2.929899 1.993289
v -0.892161 2.865932 2.008235
v -0.008728 2.924244 2.163139
v -0.008728 2.888786 2.222319
v -0.008728 2.824076 2.241220
v 0.827426 2.963852 1.942621
v 0.859684 2.929899 1.993289
v 0.874704 2.865932 2.008235
v 1.439534 3.072029 1.340148
v 1.495406 3.042264 1.367578
v 1.521421 2.980241 1.371698
v 1.663581 3.219837 0.517164
v 1.728097 3.195776 0.512842
v 1.758136 3.136396 0.502175
v 0.927994 2.793673 -1.198726
v 0.919532 2.822914 -1.178584
v 0.901687 2.828453 -1.146185
v 0.000000 2.837622 -1.443468
v 0.000000 2.866472 -1.421092
v 0.000000 2.871174 -1.383987
v 0.912100 3.082117 -1.108364
v 0.906282 3.046659 -1.104491
v 0.889681 3.025496 -1.079080
v 0.000000 3.125321 -1.348911
v 0.000000 3.089595 -1.343505
v 0.000000 3.067624 -1.313717
v 1.579803 2.964104 -0.451174
v 1.569727 2.929405 -0.451494
v 1.540973 2.910366 -0.438045
v 1.607332 2.673592 -0.530084
v 1.592676 2.703936 -0.516040
v 1.561767 2.711794 -0.496496
v 1.824200 2.802875 0.446566
v 1.812565 2.769213 0.440521
v 1.779362 2.753113 0.437628
v 1.855988 2.509560 0.383299
v 1.839064 2.541399 0.389016
v 1.803374 2.552404 0.390991
v 1.579803 2.641661 1.344304
v 1.569727 2.609016 1.332533
v 1.540973 2.595839 1.313299
v 1.607332 2.345528 1.296679
v 1.592676 2.378860 1.294067
v 1.561767 2.393015 1.278480
v 0.912100 2.523634 2.001495
v 0.906283 2.491749 1.985532
v 0.889681 2.480744 1.954339
v 0.927994 2.225456 1.965322
v 0.919532 2.259894 1.956614
v 0.901687 2.276346 1.928167
v 0.000000 2.480433 2.242042
v 0.000000 2.448822 2.224545
v 0.000000 2.438597 2.188974
v 0.000000 2.181495 2.210061
v 0.000000 2.216335 2.199123
v 0.000000 2.233650 2.165970
v -0.912100 2.523634 2.001495
v -0.906283 2.491749 1.985532
v -0.889681 2.480744 1.954339
v -0.927994 2.225456 1.965321
v -0.919532 2.259894 1.956614
v -0.901687 2.276346 1.928167
v -1.579803 2.641661 1.344304
v -1.569727 2.609016 1.332533
v -1.540973 2.595839 1.313299
v -1.607332 2.345528 1.296679
v -1.592676 2.378860 1.294067
v -1.561767 2.393015 1.278480
v -1.824200 2.802875 0.446566
v -1.812565 2.769213 0.440521
v -1.779362 2.753113 0.437628
v -1.855988 2.509560 0.383299
v -1.839064 2.541399 0.389016
v -1.803374 2.552404 0.390991
v -1.579803 2.964104 -0.451174
v -1.569727 2.929405 -0.451494
v -1.540973 2.910366 -0.438045
v -1.607332 2.673592 -0.530084
v -1.592676 2.703936 -0.516040
v -1.561767 2.711794 -0.496496
v -0.912100 3.082117 -1.108364
v -0.906282 3.046659 -1.104491
v -0.889681 3.025496 -1.079080
v -0.927994 2.793673 -1.198726
v -0.919532 2.822914 -1.178584
v -0.901687 2.828453 -1.146185
v 0.841484 2.830486 -1.039896
v 0.846777 2.812161 -1.052502
v 0.857949 2.808643 -1.072793
v 0.000000 2.870346 -1.261821
v 0.000000 2.852261 -1.275824
v 0.000000 2.849274 -1.299062
v 0.831937 2.970235 -0.987405
v 0.835592 2.992449 -0.989847
v 0.846008 3.005686 -1.005799
v 0.000000 3.009649 -1.206812
v 0.000000 3.032043 -1.210217
v 0.000000 3.045774 -1.228917
v 1.440958 2.862580 -0.387975
v 1.447287 2.884329 -0.387783
v 1.465328 2.896221 -0.396230
v 1.457493 2.721607 -0.433586
v 1.466661 2.702591 -0.442379
v 1.486012 2.697628 -0.454621
v 1.663875 2.715531 0.430864
v 1.671184 2.736635 0.434652
v 1.692017 2.746689 0.436458
v 1.682969 2.572868 0.394651
v 1.693555 2.552916 0.391067
v 1.715899 2.545982 0.389821
v 1.440958 2.568482 1.249702
v 1.447287 2.588932 1.257087
v 1.465328 2.597138 1.269145
v 1.457493 2.424131 1.222883
v 1.466661 2.403231 1.224509
v 1.486012 2.394314 1.234259
v 0.831938 2.460833 1.849134
v 0.835592 2.480812 1.859153
v 0.846008 2.487682 1.878715
v 0.841484 2.315239 1.829195
v 0.846778 2.293672 1.834635
v 0.857950 2.283310 1.852435
v 0.000000 2.421431 2.068540
v 0.000000 2.441229 2.079523
v 0.000000 2.447617 2.101832
v 0.000000 2.275381 2.051118
v 0.000000 2.253563 2.057955
v 0.000000 2.242668 2.078701
v -0.831938 2.460833 1.849134
v -0.835592 2.480812 1.859153
v -0.846008 2.487682 1.878715
v -0.841484 2.315239 1.829194
v -0.846778 2.293672 1.834635
v -0.857950 2.283310 1.852434
v -1.440958 2.568482 1.249702
v -1.447287 2.588932 1.257087
v -1.465328 2.597138 1.269145
v -1.457493 2.424131 1.222883
v -1.466661 2.403231 1.224509
v -1.486012 2.394314 1.234259
v -1.663875 2.715531 0.430864
v -1.671184 2.736635 0.434652
v -1.692017 2.746689 0.436458
v -1.682969 2.572868 0.394651
v -1.693555 2.552916 0.391067
v -1.715899 2.545982 0.389821
v -1.440958 2.862580 -0.387975
v -1.447287 2.884329 -0.387783
v -1.465328 2.896221 -0.396230
v -1.457493 2.721607 -0.433586
v -1.466661 2.702591 -0.442379
v -1.486012 2.697628 -0.454621
v -0.831937 2.970235 -0.987405
v -0.835592 2.992449 -0.989847
v -0.846008 3.005686 -1.005799
v -0.841484 2.830486 -1.039896
v -0.846777 2.812161 -1.052502
v -0.857949 2.808643 -1.072793
v 0.567068 0.376154 -0.331166
v 0.327397 0.418516 -0.567063
v -0.000000 0.318266 -0.008926
v -0.000000 0.434006 -0.653410
v -0.327397 0.418516 -0.567063
v -0.567068 0.376154 -0.331166
v -0.654793 0.318266 -0.008926
v -0.567068 0.260414 0.313320
v -0.327397 0.218050 0.549216
v -0.000000 0.202540 0.635560
v 0.327397 0.218050 0.549216
v 0.567068 0.260414 0.313320
v 0.654793 0.318266 -0.008926
v -0.118129 27.847068 -3.171855
v -0.005486 28.112185 -3.268404
v 0.049954 28.168009 -3.277357
v 0.135017 28.191917 -3.276756
v 0.186037 28.127392 -3.256998
v 0.194689 28.048202 -3.239049
v 0.181048 27.999473 -3.240629
v 0.154467 27.992704 -3.254760
v 0.111534 27.996610 -3.276837
v 0.047842 28.014144 -3.308802
v -0.022681 28.042135 -3.342332
v -0.085170 28.073423 -3.368354
v -0.130830 28.108053 -3.378658
v -0.157770 28.147396 -3.369564
v -0.166738 28.186298 -3.344600
v -0.161485 28.219386 -3.310978
v -0.145809 28.245496 -3.274549
v -0.121541 28.266226 -3.239701
v -0.091299 28.282230 -3.210978
v -0.057709 28.286998 -3.192427
v -0.020097 28.261951 -3.189452
v 0.023229 28.189666 -3.213135
v 0.072098 28.044673 -3.382709
v -0.214894 27.877986 -3.173558
v -0.100756 28.167343 -3.272829
v -0.003940 28.265535 -3.287991
v 0.156467 28.300787 -3.275882
v 0.280649 28.188114 -3.224888
v 0.299545 28.066265 -3.192887
v 0.289335 27.967760 -3.187964
v 0.231054 27.893455 -3.213238
v 0.134372 27.873572 -3.258346
v 0.035311 27.895473 -3.306337
v -0.058672 27.930656 -3.349980
v -0.141985 27.967117 -3.383532
v -0.208175 28.011366 -3.400124
v -0.258588 28.077652 -3.390403
v -0.283172 28.163080 -3.347149
v -0.280531 28.237650 -3.287086
v -0.260294 28.285654 -3.228836
v -0.227018 28.316958 -3.177468
v -0.182335 28.341662 -3.135107
v -0.118199 28.363292 -3.097740
v 0.001761 28.342472 -3.069253
v 0.089036 28.205362 -3.100232
v 0.135139 28.031013 -3.296485
v -0.065296 27.825539 -3.094011
v 0.050605 28.087532 -3.177166
v 0.065591 28.116625 -3.178542
v 0.096495 28.133470 -3.170962
v 0.101870 28.102079 -3.172485
v 0.101937 28.053392 -3.163025
v 0.087584 28.029675 -3.167804
v 0.076931 28.050327 -3.176882
v 0.059405 28.062276 -3.187723
v 0.014549 28.075031 -3.211131
v -0.040279 28.096977 -3.238174
v -0.086439 28.123877 -3.257910
v -0.112430 28.147373 -3.261553
v -0.113243 28.155860 -3.253120
v -0.104076 28.151988 -3.247553
v -0.096978 28.153061 -3.240139
v -0.086471 28.162552 -3.223098
v -0.068754 28.175471 -3.200485
v -0.045380 28.187594 -3.179419
v -0.029721 28.187668 -3.174059
v -0.061284 28.177349 -3.194990
v -0.066329 28.150177 -3.212455
v -0.016786 28.027452 -3.375263
v -0.111107 27.846046 -3.002281
v 0.009055 28.131058 -3.070278
v 0.044178 28.174408 -3.073274
v 0.092006 28.192011 -3.061841
v 0.116547 28.145040 -3.053465
v 0.122310 28.078834 -3.038507
v 0.108252 28.027876 -3.040000
v 0.079439 28.014972 -3.055225
v 0.036151 28.013980 -3.078040
v -0.024975 28.026188 -3.109051
v -0.089010 28.051006 -3.139794
v -0.139653 28.080405 -3.160753
v -0.165716 28.104849 -3.163948
v -0.163429 28.111490 -3.155560
v -0.152486 28.105100 -3.151331
v -0.145010 28.107028 -3.144022
v -0.133213 28.121413 -3.124782
v -0.112027 28.141267 -3.098018
v -0.081407 28.161294 -3.071095
v -0.057015 28.166284 -3.060369
v -0.086644 28.151359 -3.079972
v -0.093197 28.120229 -3.097597
v -0.040230 27.992718 -3.305757
v -0.209753 27.882023 -3.002824
v -0.093415 28.188701 -3.073708
v -0.005721 28.275429 -3.082887
v 0.117807 28.300407 -3.058893
v 0.210606 28.208292 -3.018562
v 0.227694 28.098576 -2.989383
v 0.215925 27.997840 -2.984262
v 0.154519 27.918836 -3.010941
v 0.057530 27.891845 -3.057404
v -0.038431 27.904508 -3.104787
v -0.125824 27.935056 -3.145715
v -0.193860 27.971080 -3.174153
v -0.237147 28.007780 -3.183468
v -0.258594 28.043043 -3.174182
v -0.265609 28.079463 -3.151646
v -0.260948 28.117798 -3.118108
v -0.244435 28.154037 -3.077175
v -0.214893 28.186439 -3.033920
v -0.171196 28.216264 -2.993277
v -0.118650 28.235948 -2.963698
v -0.066214 28.219111 -2.958136
v -0.020517 28.142868 -2.983029
v 0.026379 27.976443 -3.218224
v -0.261370 27.895283 -3.095949
v -0.149315 28.206076 -3.184699
v -0.035056 28.314529 -3.198387
v 0.143801 28.349067 -3.166776
v 0.290550 28.225586 -3.104873
v 0.312309 28.089622 -3.067045
v 0.304265 27.966703 -3.058647
v 0.229689 27.855985 -3.090401
v 0.105078 27.817735 -3.148108
v -0.009585 27.836402 -3.203989
v -0.111152 27.873440 -3.251424
v -0.197087 27.913066 -3.286204
v -0.262135 27.959414 -3.302269
v -0.309992 28.024585 -3.292334
v -0.333691 28.108053 -3.250091
v -0.331175 28.183405 -3.189853
v -0.310542 28.237558 -3.129157
v -0.274731 28.276577 -3.073387
v -0.223637 28.308986 -3.024852
v -0.151274 28.337001 -2.981653
v -0.019311 28.322870 -2.951638
v 0.077242 28.196660 -2.983709
v 0.112543 27.998383 -3.226042
v 0.143923 27.533954 -3.465156
v 0.037949 27.504928 -3.443673
v 0.016333 27.472542 -3.336793
v 0.098167 27.467860 -3.248020
v 0.196231 27.489047 -3.262644
v 0.222000 27.523397 -3.369596
v -0.165763 27.414800 -3.176461
v -0.267726 27.451739 -3.178234
v -0.316199 27.475645 -3.083303
v -0.261029 27.461914 -2.986376
v -0.158358 27.424478 -2.985810
v -0.110694 27.400924 -3.081285
v 0.178869 26.900943 -3.347845
v -0.266042 26.854759 -3.096722
v 0.204613 26.981516 -3.496858
v 0.203563 26.947574 -3.484094
v 0.195788 26.926696 -3.449518
v 0.302125 26.959510 -3.379923
v 0.290047 26.925491 -3.378710
v 0.255139 26.909647 -3.374958
v 0.066597 26.963949 -3.440014
v 0.079841 26.931408 -3.431518
v 0.110001 26.914642 -3.409956
v 0.048983 26.934914 -3.306313
v 0.064982 26.903602 -3.313018
v 0.098957 26.894480 -3.330139
v 0.160595 26.919518 -3.217909
v 0.167077 26.888398 -3.234704
v 0.176473 26.882354 -3.273452
v 0.269258 26.928755 -3.246676
v 0.259682 26.896284 -3.258180
v 0.232587 26.886580 -3.284642
v -0.206783 26.885345 -3.204884
v -0.218246 26.849565 -3.189577
v -0.239271 26.841385 -3.152487
v -0.325356 26.922824 -3.207140
v -0.321653 26.884410 -3.192476
v -0.306685 26.865789 -3.154100
v -0.142879 26.870921 -3.094561
v -0.165874 26.837467 -3.095212
v -0.212130 26.835244 -3.094937
v -0.198419 26.893181 -2.984010
v -0.211889 26.858112 -2.999252
v -0.238597 26.848838 -3.034006
v -0.317960 26.930017 -2.984733
v -0.314786 26.892789 -2.999137
v -0.300922 26.871534 -3.034892
v -0.382061 26.944793 -3.097209
v -0.371253 26.906322 -3.098123
v -0.336814 26.880417 -3.098685
v 1.733679 29.762062 0.258480
v 1.590513 29.719366 0.196729
v 1.590906 29.620563 0.073474
v 1.733757 29.562590 0.011974
v 1.876775 29.605487 0.074152
v 1.877090 29.703876 0.197599
v 0.805390 28.514083 1.033088
v 0.804364 28.597124 0.889078
v 0.808726 28.503872 0.757173
v 0.814067 28.328846 0.769339
v 0.814911 28.242864 0.913321
v 0.810471 28.336349 1.045162
v 1.732975 31.944914 -2.292985
v 1.590302 31.997408 -2.232867
v 1.590761 32.103060 -2.112697
v 1.733543 32.156980 -2.052265
v 1.876746 32.104251 -2.112537
v 1.876636 31.997947 -2.233185
v 0.888893 32.829520 -3.035815
v 0.887169 32.769102 -2.887787
v 0.887159 32.867884 -2.761735
v 0.888829 33.027114 -2.783777
v 0.890384 33.087545 -2.931781
v 0.890322 32.988738 -3.057767
v 1.584389 32.205787 -2.418399
v 1.584593 32.311583 -2.298253
v 1.728009 32.369762 -2.241774
v 1.872011 32.321250 -2.305745
v 1.871993 32.214868 -2.426305
v 1.727788 32.157481 -2.482387
v 1.539669 32.401199 -2.596958
v 1.539651 32.507162 -2.477050
v 1.681622 32.578983 -2.433057
v 1.824189 32.544383 -2.509403
v 1.824340 32.437948 -2.629635
v 1.681818 32.366491 -2.673108
v 1.464217 32.566825 -2.745706
v 1.464005 32.672683 -2.626182
v 1.589953 32.772499 -2.606493
v 1.716286 32.766559 -2.706993
v 1.716602 32.660361 -2.826785
v 1.590541 32.560355 -2.845731
v 1.365094 32.680541 -2.834793
v 1.364859 32.779231 -2.709463
v 1.448606 32.915550 -2.713768
v 1.532900 32.953297 -2.843900
v 1.533193 32.854419 -2.969432
v 1.449242 32.717924 -2.964586
v 1.208300 32.736295 -2.878829
v 1.208222 32.835066 -2.753100
v 1.235660 32.991519 -2.773036
v 1.262770 33.049208 -2.918878
v 1.262838 32.950369 -3.044685
v 1.235934 32.793896 -3.024562
v 1.585718 29.482475 0.419198
v 1.590074 29.386213 0.293631
v 1.734696 29.328199 0.235199
v 1.875419 29.369973 0.302628
v 1.871643 29.462910 0.428475
v 1.726565 29.523627 0.486272
v 1.559214 29.248138 0.619331
v 1.568170 29.155609 0.487872
v 1.713375 29.098194 0.437402
v 1.849980 29.133121 0.518785
v 1.841469 29.225797 0.650377
v 1.695926 29.283209 0.700379
v 1.485468 29.045225 0.768692
v 1.499243 28.956074 0.634244
v 1.633892 28.881216 0.604078
v 1.755008 28.893550 0.708761
v 1.741530 28.984016 0.843285
v 1.606695 29.057863 0.873104
v 1.357550 28.911715 0.854681
v 1.370824 28.827506 0.718397
v 1.457866 28.702467 0.711713
v 1.531740 28.653784 0.841541
v 1.518598 28.737808 0.977922
v 1.431558 28.869509 0.984345
v 1.141452 28.748355 0.888347
v 1.148172 28.659492 0.754492
v 1.172362 28.495364 0.761925
v 1.189799 28.407733 0.903299
v 1.183063 28.496386 1.037183
v 1.159037 28.671737 1.029658
v 0.526594 32.878265 -3.035813
v 0.526594 33.037540 -3.057782
v 0.526594 33.136347 -2.931777
v 0.526594 33.073878 -2.783485
v 0.526594 32.817786 -2.887781
v 0.526594 32.916572 -2.761730
v 0.086458 32.929281 -3.035814
v 0.086458 32.927474 -3.031354
v 0.086458 33.088531 -3.057783
v 0.086458 33.187338 -2.931777
v 0.086458 33.124668 -2.783452
v 0.086458 32.967613 -2.761730
v 0.086458 32.868820 -2.887780
v -0.000000 32.929281 -3.035814
v -0.000000 33.088531 -3.057783
v -0.000000 33.187338 -2.931777
v 0.000000 33.124668 -2.783452
v -0.000000 32.967613 -2.761730
v -0.000000 32.868820 -2.887780
v -0.000000 32.927474 -3.031354
v -1.733679 29.762062 0.258480
v -1.590513 29.719366 0.196729
v -1.590906 29.620563 0.073474
v -1.733757 29.562590 0.011974
v -1.876775 29.605487 0.074152
v -1.877090 29.703876 0.197599
v -0.805390 28.514083 1.033088
v -0.804364 28.597124 0.889078
v -0.808726 28.503872 0.757173
v -0.814067 28.328846 0.769339
v -0.814911 28.242864 0.913321
v -0.810471 28.336349 1.045162
v -1.732975 31.944914 -2.292985
v -1.590302 31.997408 -2.232867
v -1.590761 32.103060 -2.112697
v -1.733543 32.156980 -2.052265
v -1.876746 32.104251 -2.112537
v -1.876636 31.997947 -2.233185
v -0.888893 32.829520 -3.035815
v -0.887169 32.769102 -2.887787
v -0.887159 32.867884 -2.761735
v -0.888829 33.027114 -2.783777
v -0.890384 33.087545 -2.931781
v -0.890322 32.988738 -3.057767
v -1.584389 32.205787 -2.418399
v -1.584593 32.311583 -2.298253
v -1.728009 32.369762 -2.241774
v -1.872011 32.321250 -2.305745
v -1.871993 32.214868 -2.426305
v -1.727788 32.157481 -2.482387
v -1.539669 32.401199 -2.596958
v -1.539651 32.507162 -2.477050
v -1.681622 32.578983 -2.433057
v -1.824189 32.544383 -2.509403
v -1.824340 32.437948 -2.629635
v -1.681818 32.366491 -2.673108
v -1.464217 32.566825 -2.745706
v -1.464005 32.672683 -2.626182
v -1.589953 32.772499 -2.606493
v -1.716286 32.766559 -2.706993
v -1.716602 32.660361 -2.826785
v -1.590541 32.560355 -2.845731
v -1.365094 32.680541 -2.834793
v -1.364859 32.779231 -2.709463
v -1.448606 32.915550 -2.713768
v -1.532900 32.953297 -2.843900
v -1.533193 32.854419 -2.969432
v -1.449242 32.717924 -2.964586
v -1.208300 32.736295 -2.878829
v -1.208222 32.835066 -2.753100
v -1.235660 32.991519 -2.773036
v -1.262770 33.049208 -2.918878
v -1.262838 32.950369 -3.044685
v -1.235934 32.793896 -3.024562
v -1.585718 29.482475 0.419198
v -1.590074 29.386213 0.293631
v -1.734696 29.328199 0.235199
v -1.875419 29.369973 0.302628
v -1.871643 29.462910 0.428475
v -1.726565 29.523627 0.486272
v -1.559214 29.248138 0.619331
v -1.568170 29.155609 0.487872
v -1.713375 29.098194 0.437402
v -1.849980 29.133121 0.518785
v -1.841469 29.225797 0.650377
v -1.695926 29.283209 0.700379
v -1.485468 29.045225 0.768692
v -1.499243 28.956074 0.634244
v -1.633892 28.881216 0.604078
v -1.755008 28.893550 0.708761
v -1.741530 28.984016 0.843285
v -1.606695 29.057863 0.873104
v -1.357550 28.911715 0.854681
v -1.370824 28.827506 0.718397
v -1.457866 28.702467 0.711713
v -1.531740 28.653784 0.841541
v -1.518598 28.737808 0.977922
v -1.431558 28.869509 0.984345
v -1.141452 28.748355 0.888347
v -1.148172 28.659492 0.754492
v -1.172362 28.495364 0.761925
v -1.189799 28.407733 0.903299
v -1.183063 28.496386 1.037183
v -1.159037 28.671737 1.029658
v -0.526594 32.878265 -3.035813
v -0.526594 33.037540 -3.057782
v -0.526594 33.136347 -2.931777
v -0.526594 33.073878 -2.783485
v -0.526594 32.817786 -2.887781
v -0.526594 32.916572 -2.761730
v -0.086458 32.929281 -3.035814
v -0.086458 32.927474 -3.031354
v -0.086458 33.088531 -3.057783
v -0.086458 33.187338 -2.931777
v -0.086458 33.124668 -2.783452
v -0.086458 32.967613 -2.761730
v -0.086458 32.868820 -2.887780
v 0.080428 28.285510 1.033582
v -0.080428 28.285510 1.033582
v 0.080428 28.120496 1.041075
v -0.080428 28.120496 1.041075
v 0.080428 28.036907 0.904427
v -0.080428 28.036907 0.904427
v 0.080428 28.118418 0.764504
v -0.080428 28.118418 0.764504
v 0.080428 28.362924 0.897940
v -0.080428 28.362924 0.897940
v 0.080428 28.279129 0.761257
v -0.080428 28.279129 0.761257
v 1.709213 30.869688 -1.248750
v 1.598640 30.927615 -1.185021
v 1.602500 31.030685 -1.062316
v 1.709537 31.075474 -1.005128
v 1.814899 31.022791 -1.062690
v 1.818435 30.921273 -1.183754
v 0.803053 26.674963 8.761520
v 0.803053 24.602361 8.192267
v 0.803053 33.221357 3.781386
v 0.803053 32.747863 2.009164
v 0.803053 32.317543 3.923065
v 0.803053 31.928027 2.028628
v 0.803053 31.275233 4.031790
v 0.803053 31.028629 2.032274
v 0.803053 30.203257 4.040398
v 0.803053 30.111324 1.996192
v 0.803053 29.226618 1.929279
v 0.803053 29.270981 3.909691
v 0.803053 29.979292 0.352020
v 0.803053 30.794682 0.412210
v 0.803053 28.970642 0.277565
v 0.803053 32.426824 0.532689
v 0.803053 31.610081 0.472400
v 0.803053 28.177511 9.290144
v 0.803053 33.383505 7.520700
v 0.803053 32.780299 5.814101
v 0.803053 33.809301 5.522418
v 0.803053 34.606738 6.916446
v 0.803053 31.771743 7.987710
v 0.803053 31.508520 6.036478
v 0.803053 29.713918 8.234943
v 0.803053 30.125288 6.070750
v 0.803053 22.837084 7.485373
v 0.803053 29.017118 5.759517
v 0.803053 28.250171 7.379251
v 0.803053 34.862888 10.263396
v 0.803053 34.186572 9.135840
v 0.803053 36.585033 9.039093
v 0.803053 35.673583 8.157543
v 0.803053 32.771133 11.216544
v 0.803053 32.377341 9.984792
v 0.803053 30.410270 11.733081
v 0.803053 30.208562 10.356580
v 0.803053 27.931625 11.967542
v 0.803053 28.112682 10.718492
v 0.803053 21.408174 8.889842
v 0.803053 22.041341 8.250981
v 0.803053 25.647839 11.451159
v 0.803053 26.081228 10.231690
v 0.803053 24.038995 9.333521
v 0.803053 23.556681 10.378378
v 0.803052 32.168097 -2.553623
v 0.803052 30.784820 -2.553623
v 0.803052 30.774279 -3.902552
v 0.803052 32.045958 -3.965119
v 0.803052 29.417499 -2.553622
v 0.803052 29.503296 -3.798058
v 0.803052 32.386393 -7.639463
v 0.803052 29.465654 -6.763892
v 0.803052 30.816108 -7.242995
v 0.803052 32.181940 -5.790210
v 0.803052 30.814960 -5.606438
v 0.803052 29.582348 -5.317993
v -0.803053 26.674963 8.761520
v -0.803053 24.602361 8.192267
v -0.803053 33.221357 3.781386
v -0.803053 32.747863 2.009164
v -0.803053 32.317543 3.923065
v -0.803053 31.928027 2.028628
v -0.803053 31.275233 4.031790
v -0.803053 31.028629 2.032274
v -0.803053 30.203257 4.040398
v -0.803053 30.111324 1.996192
v -0.803053 29.226618 1.929279
v -0.803053 29.270981 3.909691
v -0.803053 29.979292 0.352020
v -0.803053 30.794682 0.412210
v -0.803053 28.970642 0.277565
v -0.803053 32.426824 0.532689
v -0.803053 31.610081 0.472400
v -0.803053 28.177511 9.290144
v -0.803053 33.383505 7.520700
v -0.803053 32.780299 5.814101
v -0.803053 33.809301 5.522418
v -0.803053 34.606738 6.916446
v -0.803053 31.771743 7.987710
v -0.803053 31.508520 6.036478
v -0.803053 29.713918 8.234943
v -0.803053 30.125288 6.070750
v -0.803053 22.837084 7.485373
v -0.803053 29.017118 5.759517
v -0.803053 28.250171 7.379251
v -0.803053 34.862888 10.263396
v -0.803053 34.186572 9.135840
v -0.803053 36.585033 9.039093
v -0.803053 35.673583 8.157543
v -0.803053 32.771133 11.216544
v -0.803053 32.377341 9.984792
v -0.803053 30.410270 11.733081
v -0.803053 30.208562 10.356580
v -0.803053 27.931625 11.967542
v -0.803053 28.112682 10.718492
v -0.803053 21.408174 8.889842
v -0.803053 22.041341 8.250981
v -0.803053 25.647839 11.451159
v -0.803053 26.081228 10.231690
v -0.803053 24.038995 9.333521
v -0.803053 23.556681 10.378378
v -0.803052 32.168097 -2.553623
v -0.803052 30.784820 -2.553623
v -0.803052 30.774279 -3.902552
v -0.803052 32.045958 -3.965119
v -0.803052 29.417499 -2.553622
v -0.803052 29.503296 -3.798058
v -0.803052 32.386393 -7.639463
v -0.803052 29.465654 -6.763892
v -0.803052 30.816108 -7.242995
v -0.803052 32.181940 -5.790210
v -0.803052 30.814960 -5.606438
v -0.803052 29.582348 -5.317993
v 0.788899 35.598730 11.617156
v 0.799438 35.589424 11.595288
v 0.803053 35.577177 11.572476
v 0.785985 37.920405 9.865950
v 0.798662 37.904151 9.849743
v 0.803053 37.885124 9.831993
v 0.789678 33.311824 12.643477
v 0.799650 33.304496 12.620822
v 0.803053 33.296743 12.596413
v 0.789308 30.670772 13.145411
v 0.799550 30.666221 13.122293
v 0.803053 30.662612 13.097091
v 0.789220 27.605734 13.295383
v 0.799529 27.607168 13.271760
v 0.803053 27.608675 13.246212
v 0.785739 20.775823 9.602301
v 0.798592 20.790865 9.585684
v 0.803053 20.808132 9.566985
v 0.792526 18.593421 7.347689
v 0.803053 18.616698 7.373808
v 0.797048 18.582523 7.378445
v 0.780139 18.556163 7.381388
v 0.775365 18.549529 7.353448
v 0.770574 18.572387 7.336302
v 0.790143 25.117058 12.879430
v 0.799772 25.123583 12.856123
v 0.803053 25.131925 12.831749
v 0.787892 23.205131 11.713692
v 0.799162 23.215070 11.692500
v 0.803053 23.228893 11.670986
v 0.797351 38.971684 8.047444
v 0.786203 38.989678 8.029467
v 0.784658 39.014469 8.045872
v 0.783191 39.014886 8.072153
v 0.796063 38.990049 8.077608
v 0.803053 38.957811 8.073440
v 0.803052 33.364937 2.023268
v 0.794336 33.390180 2.018333
v 0.771907 33.405485 2.018689
v 0.803052 33.851611 3.720619
v 0.794591 33.876685 3.714381
v 0.772669 33.892630 3.714239
v 0.771306 33.060072 0.579434
v 0.794159 33.045092 0.578328
v 0.803052 33.018444 0.576361
v 0.803052 34.489624 5.279390
v 0.794893 34.512638 5.267203
v 0.773462 34.527771 5.261042
v 0.803052 35.342047 6.422600
v 0.796234 35.360622 6.404687
v 0.777618 35.375270 6.392786
v 0.803051 28.704925 1.937591
v 0.794507 28.679485 1.940703
v 0.772335 28.664308 1.942034
v 0.803053 28.378183 0.224540
v 0.794941 28.351434 0.222235
v 0.773544 28.334671 0.220968
v 0.768276 21.312335 6.665389
v 0.793005 21.317682 6.676002
v 0.803053 21.329264 6.699089
v 0.768560 22.139849 6.164879
v 0.768630 22.166126 6.170668
v 0.793313 22.159967 6.181924
v 0.803053 22.142008 6.199958
v 0.793255 22.121912 6.184530
v 0.768487 22.114616 6.174174
v 0.803053 23.237442 6.726805
v 0.793130 23.246750 6.702893
v 0.768597 23.251139 6.691615
v 0.803053 24.966594 7.156426
v 0.793133 24.970020 7.131067
v 0.768606 24.971628 7.119095
v 0.803053 26.355456 7.161071
v 0.793103 26.349371 7.135451
v 0.768520 26.346510 7.123446
v 0.803052 28.388461 5.554806
v 0.793488 28.364402 5.544213
v 0.769519 28.351764 5.540016
v 0.803052 28.766569 3.850948
v 0.793965 28.741060 3.849225
v 0.770811 28.727112 3.848206
v 0.803053 27.521604 6.572900
v 0.793247 27.505369 6.552816
v 0.768893 27.497269 6.543354
v -0.025442 40.260513 7.288184
v -0.025507 40.260436 7.317828
v 0.000014 40.273613 7.309886
v 0.025571 40.260266 7.318001
v 0.025474 40.260426 7.288239
v 0.025379 40.236655 7.272754
v 0.000000 40.249810 7.264774
v -0.025379 40.236655 7.272754
v -0.347999 22.138870 6.070101
v -0.369415 22.164804 6.075946
v -0.000000 22.164781 6.074332
v 0.369415 22.164804 6.075946
v 0.347999 22.138870 6.070101
v 0.332835 22.114054 6.079721
v -0.000000 22.114049 6.078110
v -0.332835 22.114054 6.079721
v -0.145820 18.102887 7.427854
v -0.193864 18.285587 7.328430
v -0.001018 18.228253 7.329250
v 0.194124 18.290839 7.328074
v 0.145312 18.105088 7.427886
v 0.143086 18.092951 7.586913
v -0.000536 18.034137 7.587957
v -0.144312 18.092951 7.586913
v 0.025443 36.017981 12.770107
v 0.000000 36.022811 12.783390
v -0.025443 36.017981 12.770107
v 0.025443 38.811883 10.144830
v 0.000000 38.820359 10.153649
v -0.025443 38.811883 10.144830
v 0.025443 38.301932 7.178064
v 0.000000 38.310527 7.169792
v -0.025443 38.301932 7.178064
v 0.025443 35.741426 6.143526
v 0.000000 35.747160 6.139623
v -0.025443 35.741426 6.143526
v 0.025443 34.787685 5.198901
v 0.000000 34.791975 5.197877
v -0.025443 34.787685 5.198901
v 0.025443 34.143835 3.723527
v 0.000000 34.147986 3.725026
v -0.025443 34.143835 3.723527
v 0.025443 33.620865 2.107841
v 0.000000 33.624446 2.109325
v -0.025443 33.620865 2.107841
v -0.025443 33.237510 0.592532
v 0.000000 33.240499 0.592752
v 0.025443 33.237510 0.592532
v 0.369415 28.064127 0.204918
v 0.000000 28.059669 0.204653
v -0.369415 28.064127 0.204918
v 0.369415 28.451788 1.947239
v 0.000000 28.448238 1.947326
v -0.369415 28.451788 1.947239
v 0.369415 28.576893 3.835158
v 0.000000 28.574352 3.834938
v -0.369415 28.576893 3.835158
v 0.369415 28.239372 5.541078
v 0.000000 28.237465 5.541096
v -0.369415 28.239372 5.541078
v 0.369415 27.440128 6.493209
v 0.000000 27.439152 6.492353
v -0.369415 27.440128 6.493209
v 0.369415 26.332262 7.064354
v 0.000000 26.332019 7.063345
v -0.369415 26.332262 7.064354
v 0.369415 24.980017 7.057057
v 0.000000 24.980154 7.055997
v -0.369415 24.980017 7.057057
v 0.369415 23.273787 6.633429
v 0.000000 23.274175 6.632434
v -0.369415 23.273787 6.633429
v 0.251886 21.289379 6.621118
v 0.000000 21.288987 6.620360
v -0.251886 21.289379 6.621118
v 0.148289 20.236208 6.996205
v 0.000000 20.235991 6.995365
v -0.148289 20.236208 6.996205
v 0.025443 20.167024 10.314549
v 0.000000 20.159075 10.323437
v -0.025443 20.167024 10.314549
v 0.025443 22.728022 12.813672
v 0.000000 22.723265 12.826329
v -0.025443 22.728022 12.813672
v 0.025443 24.786386 14.143249
v 0.000000 24.782800 14.157847
v -0.025443 24.786386 14.143249
v 0.025443 27.529131 14.544501
v 0.000000 27.528257 14.558754
v -0.025443 27.529131 14.544501
v 0.025443 30.950577 14.400060
v 0.000000 30.953760 14.414003
v -0.025443 30.950577 14.400060
v 0.025443 33.718158 13.886216
v 0.000000 33.722693 13.900091
v -0.025443 33.718158 13.886216
v 0.025443 37.196005 6.891193
v 0.000000 37.205089 6.885690
v -0.025443 37.196005 6.891193
v 0.096530 19.248662 7.187342
v 0.000000 19.248527 7.186486
v -0.096530 19.248662 7.187342
v 0.803053 37.619956 7.854435
v 0.798282 37.630623 7.829657
v 0.784779 37.644621 7.811051
v 0.782859 36.541366 7.288007
v 0.797748 36.524600 7.302142
v 0.803053 36.509071 7.322700
v 0.803053 20.258234 7.081325
v 0.793019 20.251853 7.056676
v 0.768317 20.248908 7.045297
v 0.768314 19.256225 7.237416
v 0.793017 19.257984 7.249047
v 0.803053 19.261787 7.274258
v 0.803052 32.787078 -2.553623
v 0.794202 32.812583 -2.553623
v 0.771471 32.827071 -2.553623
v 0.803052 32.895536 -3.970737
v 0.794075 32.920860 -3.968066
v 0.771119 32.935012 -3.967022
v 0.803052 32.503814 -8.484750
v 0.798908 32.503036 -8.510212
v 0.786924 32.504095 -8.533042
v 0.779331 34.119097 -8.568696
v 0.771783 34.121734 -8.541908
v 0.791265 34.104346 -8.530432
v 0.803052 34.073286 -8.530244
v 0.798934 34.083777 -8.556771
v 0.786982 34.093176 -8.580008
v 0.803052 33.744536 -7.746152
v 0.793841 33.768684 -7.738063
v 0.770486 33.782027 -7.734856
v 0.774058 28.598471 -2.553621
v 0.795094 28.614848 -2.553621
v 0.803052 28.640293 -2.553621
v 0.803052 28.612545 -3.765058
v 0.794724 28.587107 -3.764296
v 0.772964 28.571525 -3.763691
v 0.803052 28.316057 -6.246419
v 0.795914 28.291913 -6.237484
v 0.776571 28.275134 -6.230258
v 0.787483 28.063724 -6.753024
v 0.790183 28.076234 -6.776572
v 0.807679 28.092364 -6.762359
v 0.813793 28.107445 -6.741714
v 0.804796 28.086153 -6.726379
v 0.784862 28.068639 -6.726315
v 0.803052 29.245989 -7.775241
v 0.798283 29.234579 -7.798356
v 0.784714 29.228564 -7.820343
v 0.803052 30.745765 -8.309138
v 0.798658 30.741102 -8.334259
v 0.786002 30.738833 -8.356855
v 0.803052 33.247463 -5.958299
v 0.794102 33.272421 -5.953168
v 0.771201 33.286644 -5.951513
v 0.803052 28.528393 -5.045457
v 0.795499 28.503172 -5.041882
v 0.775300 28.486326 -5.037983
v -0.024791 34.563322 -9.590037
v -0.025979 34.560836 -9.544829
v -0.000013 34.566046 -9.556354
v 0.026515 34.560049 -9.542784
v 0.025031 34.562977 -9.589296
v 0.023811 34.543032 -9.611481
v 0.000000 34.548109 -9.622914
v -0.023811 34.543032 -9.611481
v -0.046081 27.571134 -7.098481
v -0.045284 27.590452 -7.140903
v -0.000079 27.577272 -7.149865
v 0.044944 27.589965 -7.140775
v 0.045900 27.570949 -7.098573
v 0.046934 27.578365 -7.046938
v 0.000000 27.564829 -7.056340
v -0.046934 27.578365 -7.046938
v 0.382595 32.990103 -2.553624
v 0.000000 33.019857 -2.553624
v -0.382595 32.990103 -2.553624
v 0.284398 33.104698 -3.967022
v 0.000001 33.107451 -3.967022
v -0.284399 33.104698 -3.967022
v 0.025443 32.599604 -9.545294
v -0.000000 32.600798 -9.557970
v -0.025443 32.599604 -9.545294
v 0.144254 33.926283 -7.734275
v 0.000000 33.928726 -7.734265
v -0.144254 33.926283 -7.734275
v -0.025443 28.318111 -2.553621
v -0.000000 28.313502 -2.553621
v 0.025443 28.318111 -2.553621
v 0.025443 28.318984 -3.751078
v -0.000000 28.315069 -3.750869
v -0.025443 28.318984 -3.751078
v 0.025443 27.927753 -6.053688
v 0.000000 27.922125 -6.050881
v -0.025443 27.927753 -6.053688
v 0.025443 29.100351 -8.662602
v 0.000000 29.098663 -8.674255
v -0.025443 29.100351 -8.662602
v 0.025443 30.694454 -9.304976
v -0.000000 30.693887 -9.317178
v -0.025443 30.694454 -9.304976
v 0.191338 33.441432 -5.964974
v 0.000000 33.444320 -5.965201
v -0.191338 33.441432 -5.964974
v 0.025443 28.170844 -4.927396
v 0.000000 28.165664 -4.925607
v -0.025443 28.170844 -4.927396
v -0.803052 33.365062 2.023235
v -0.794370 33.390203 2.018320
v -0.772032 33.405448 2.018674
v -0.803052 33.851851 3.720541
v -0.794624 33.876738 3.714356
v -0.772787 33.892591 3.714224
v -0.803052 33.018444 0.576361
v -0.794159 33.045092 0.578328
v -0.771306 33.060072 0.579434
v -0.803052 34.490058 5.279144
v -0.794893 34.512754 5.267136
v -0.773462 34.527771 5.261042
v -0.777618 35.375270 6.392786
v -0.796234 35.360622 6.404687
v -0.803052 35.342047 6.422600
v -0.803051 28.704823 1.937604
v -0.794507 28.679462 1.940707
v -0.772335 28.664308 1.942034
v -0.773544 28.334671 0.220968
v -0.794941 28.351434 0.222235
v -0.803053 28.378183 0.224540
v -0.803053 21.329264 6.699089
v -0.793005 21.317682 6.676002
v -0.768276 21.312335 6.665389
v -0.768560 22.139849 6.164879
v -0.768487 22.114616 6.174174
v -0.793256 22.121912 6.184532
v -0.803053 22.142008 6.199966
v -0.793314 22.159967 6.181927
v -0.768630 22.166126 6.170668
v -0.803053 23.237442 6.726805
v -0.793130 23.246750 6.702893
v -0.768597 23.251139 6.691615
v -0.803053 24.966594 7.156426
v -0.793133 24.970020 7.131067
v -0.768606 24.971628 7.119095
v -0.803053 26.355456 7.161073
v -0.793103 26.349371 7.135451
v -0.768517 26.346510 7.123446
v -0.803052 28.389037 5.555073
v -0.793489 28.364569 5.544290
v -0.769519 28.351764 5.540016
v -0.803052 28.766555 3.850947
v -0.793968 28.741060 3.849225
v -0.770823 28.727112 3.848206
v -0.803053 27.521673 6.572987
v -0.793247 27.505392 6.552841
v -0.768893 27.497269 6.543354
v -0.788899 35.598730 11.617156
v -0.799438 35.589483 11.595392
v -0.803053 35.577422 11.572884
v -0.785985 37.920405 9.865950
v -0.798662 37.904197 9.849792
v -0.803053 37.885334 9.832181
v -0.797351 38.971680 8.047445
v -0.803053 38.957811 8.073440
v -0.796130 38.989985 8.077536
v -0.783316 39.014808 8.072033
v -0.784722 39.014387 8.045827
v -0.786203 38.989678 8.029467
v -0.792523 18.593421 7.347689
v -0.770574 18.572387 7.336302
v -0.775943 18.549430 7.352692
v -0.781248 18.555309 7.379450
v -0.797367 18.581458 7.377467
v -0.803053 18.616698 7.373808
v -0.785730 20.775812 9.602308
v -0.798589 20.790865 9.585684
v -0.803053 20.808143 9.566973
v -0.787748 23.205060 11.713889
v -0.799126 23.215128 11.692447
v -0.803053 23.229193 11.670571
v -0.790143 25.117058 12.879430
v -0.799772 25.123628 12.855999
v -0.803053 25.132108 12.831255
v -0.789224 27.605734 13.295377
v -0.799530 27.607168 13.271760
v -0.803053 27.608675 13.246217
v -0.789221 30.670804 13.145553
v -0.799528 30.666228 13.122286
v -0.803053 30.662592 13.096927
v -0.789678 33.311824 12.643477
v -0.799650 33.304491 12.620813
v -0.803053 33.296736 12.596385
v -0.784779 37.644621 7.811051
v -0.798282 37.630623 7.829657
v -0.803053 37.619956 7.854435
v -0.803053 36.509071 7.322700
v -0.797748 36.524600 7.302142
v -0.782859 36.541366 7.288007
v -0.768317 20.248908 7.045297
v -0.793019 20.251853 7.056676
v -0.803053 20.258234 7.081325
v -0.803053 19.261787 7.274258
v -0.793017 19.257984 7.249047
v -0.768314 19.256225 7.237416
v -0.771471 32.827071 -2.553623
v -0.794202 32.812583 -2.553623
v -0.803052 32.787078 -2.553623
v -0.803052 32.907150 -3.970742
v -0.794070 32.932499 -3.968068
v -0.771101 32.946669 -3.967022
v -0.824386 32.503821 -8.484630
v -0.820224 32.503043 -8.510206
v -0.808187 32.504104 -8.533137
v -0.779332 34.119097 -8.568695
v -0.786982 34.093176 -8.580008
v -0.798935 34.083601 -8.556731
v -0.803052 34.072868 -8.530003
v -0.791272 34.104197 -8.530290
v -0.771783 34.121734 -8.541908
v -0.803052 33.744428 -7.746190
v -0.793825 33.768661 -7.738073
v -0.770431 33.782038 -7.734856
v -0.803052 28.640293 -2.553621
v -0.795094 28.614848 -2.553621
v -0.774058 28.598471 -2.553621
v -0.803052 28.609133 -3.765058
v -0.794722 28.583683 -3.764296
v -0.772956 28.568095 -3.763691
v -0.803052 28.322101 -6.246522
v -0.795914 28.297743 -6.237511
v -0.776571 28.280885 -6.230258
v -0.776742 28.052131 -6.757280
v -0.774121 28.057046 -6.730570
v -0.794023 28.074343 -6.730711
v -0.803052 28.095392 -6.746014
v -0.796907 28.080524 -6.766606
v -0.779442 28.064641 -6.780827
v -0.803052 29.246901 -7.773734
v -0.798283 29.234821 -7.797964
v -0.784714 29.228564 -7.820343
v -0.803052 30.745863 -8.308698
v -0.798658 30.741125 -8.334145
v -0.786002 30.738833 -8.356855
v -0.803052 33.240028 -5.958332
v -0.794102 33.265093 -5.953177
v -0.771201 33.279357 -5.951513
v -0.803052 28.533893 -5.045473
v -0.795481 28.508560 -5.041884
v -0.775236 28.491659 -5.037974
v 0.791147 18.570262 7.356904
v 0.794186 38.995391 8.056233
v 0.788868 22.140315 6.173631
v 0.000008 40.273673 7.280199
v -0.000000 22.138849 6.068484
v -0.000737 18.044638 7.428856
v 0.791789 34.107241 -8.553038
v 0.802866 28.078123 -6.746535
v 0.000005 34.568456 -9.601567
v -0.000038 27.557844 -7.107646
v -0.788869 22.140315 6.173632
v -0.794231 38.995332 8.056190
v -0.791375 18.569820 7.356407
v -0.791793 34.107154 -8.552993
v -0.792089 28.066379 -6.750821
v 1.064229 36.038646 -1.175269
v 1.045227 32.718430 -1.688567
v 1.048799 28.973226 -1.755530
v 1.037983 24.795049 -1.322434
v 0.956371 20.409431 -0.653260
v 0.932380 16.791770 0.029355
v 0.968679 13.384748 0.489567
v 1.018592 10.159324 0.763197
v 0.999475 7.313323 0.643551
v 1.098646 4.662290 0.187849
v 0.612681 36.171840 -1.601462
v 0.603407 32.779929 -2.125849
v 0.605547 28.980672 -2.198839
v 0.599453 24.755638 -1.759813
v 0.552176 20.347948 -1.052790
v 0.538297 16.723705 -0.358764
v 0.559204 13.322755 0.084980
v 0.587705 10.116724 0.333746
v 0.576805 7.336921 0.221957
v 0.634439 4.743021 -0.270283
v 0.000000 1.468611 0.235769
v -0.000000 36.219810 -1.757294
v -0.000000 32.802435 -2.285885
v -0.000000 28.983254 -2.361074
v -0.000000 24.740781 -1.919854
v -0.000000 20.325275 -1.198973
v -0.000000 16.698806 -0.500821
v -0.000000 13.299878 -0.063097
v -0.000794 10.149407 0.176574
v -0.000000 7.345539 0.067734
v -0.000000 4.773745 -0.437786
v -0.612681 36.171840 -1.601462
v -0.603407 32.779929 -2.125849
v -0.605547 28.980672 -2.198839
v -0.599453 24.755638 -1.759813
v -0.552176 20.347948 -1.052791
v -0.538297 16.723705 -0.358764
v -0.559204 13.322755 0.084980
v -0.589292 10.184841 0.333746
v -0.576805 7.336921 0.221957
v -0.634439 4.561132 -0.270283
v -1.064229 36.038646 -1.175269
v -1.045227 32.718430 -1.688567
v -1.048799 28.973226 -1.755530
v -1.037983 24.795049 -1.322434
v -0.956371 20.409431 -0.653260
v -0.932380 16.791770 0.029355
v -0.968679 13.384748 0.489567
v -1.020180 10.214324 0.763197
v -0.999475 7.313323 0.643551
v -1.098646 4.662290 0.187849
v -1.233085 35.857199 -0.588610
v -1.207073 32.634399 -1.091100
v -1.210978 28.962978 -1.150002
v -1.198067 24.848730 -0.725356
v -1.104282 20.493401 -0.107531
v -1.076648 16.884818 0.559557
v -1.118708 13.469457 1.042392
v -1.177988 10.261003 1.349933
v -1.154639 7.281700 1.219998
v -1.268750 4.549839 0.813387
v -1.071232 35.675781 0.002250
v -1.045484 32.550345 -0.493486
v -1.048668 28.952650 -0.544537
v -1.037112 24.902229 -0.128760
v -0.956302 20.577370 0.438161
v -0.932424 16.977920 1.089780
v -0.968980 13.554187 1.595388
v -1.020376 10.307623 1.936784
v -1.000530 7.249333 1.797087
v -1.098963 4.437008 1.439101
v -0.620190 35.540565 0.437145
v -0.603664 32.488790 -0.055911
v -0.605416 28.945037 -0.101357
v -0.598583 24.941280 0.307660
v -0.552107 20.638839 0.837607
v -0.538344 17.046062 1.477940
v -0.559504 13.616240 2.000317
v -0.589498 10.341685 2.366483
v -0.577975 7.224847 2.220123
v -0.634879 4.351635 1.897858
v 0.000000 35.490809 0.596933
v 0.000000 32.466254 0.104273
v 0.000000 28.942237 0.060846
v 0.000000 24.955541 0.467330
v 0.000000 20.661337 0.983810
v 0.000000 17.071006 1.620024
v 0.000000 13.638958 2.148552
v -0.000794 10.354182 2.523774
v 0.000000 7.216139 2.375024
v 0.000000 4.316591 2.066771
v 0.620190 35.540565 0.437145
v 0.603664 32.488790 -0.055911
v 0.605416 28.945037 -0.101357
v 0.598583 24.941280 0.307660
v 0.552107 20.638839 0.837607
v 0.538344 17.046062 1.477940
v 0.559504 13.616240 2.000317
v 0.587910 10.341685 2.366483
v 0.577975 7.224847 2.220123
v 0.634879 4.351635 1.897858
v 1.071232 35.675781 0.002250
v 1.045484 32.550345 -0.493486
v 1.048668 28.952650 -0.544537
v 1.037112 24.902229 -0.128760
v 0.956302 20.577370 0.438161
v 0.932424 16.977920 1.089780
v 0.968980 13.554187 1.595388
v 1.018788 10.307623 1.936784
v 1.000530 7.249333 1.797087
v 1.098963 4.437008 1.439101
v 1.233085 35.857199 -0.588610
v 1.207073 32.634399 -1.091100
v 1.210978 28.962978 -1.150002
v 1.198067 24.848730 -0.725356
v 1.104282 20.493401 -0.107531
v 1.076648 16.884818 0.559557
v 1.118708 13.469457 1.042392
v 1.176401 10.261003 1.349933
v 1.154639 7.281700 1.219998
v 1.268750 4.549839 0.813387
v -0.019357 39.682636 0.501370
v 1.201315 39.625585 -0.287380
v 0.962322 39.864836 -0.077301
v 0.674650 39.768609 -0.762798
v 0.527133 39.983010 -0.460966
v -0.027767 39.777030 -0.938328
v -0.045638 39.989880 -0.599250
v -0.720571 39.648876 -0.766697
v -0.607078 39.884495 -0.458283
v -1.219361 39.417021 -0.291651
v -1.012442 39.694149 -0.074667
v -1.388879 39.142989 0.361929
v -1.154087 39.467458 0.454513
v -1.180809 38.900655 1.018791
v -0.989264 39.264140 0.991019
v -0.649723 38.755948 1.500515
v -0.556797 39.139911 1.389098
v 0.060487 38.748172 1.675627
v 0.028111 39.130200 1.536967
v 0.756594 38.879006 1.497343
v 0.604506 39.238581 1.391719
v 1.250876 39.112535 1.015986
v 1.012761 39.434992 0.993696
v 1.412656 39.385716 0.362836
v 1.142180 39.664647 0.454583
v 1.125696 1.594782 -0.402014
v 1.211073 1.644524 -0.442863
v 1.243107 1.743658 -0.443139
v 0.717620 1.845907 -0.958600
v 0.699230 1.744314 -0.945198
v 0.650125 1.687725 -0.869264
v -0.000000 1.883711 -1.147182
v -0.000000 1.781208 -1.128951
v -0.000000 1.722057 -1.040094
v -0.717620 1.845907 -0.958600
v -0.699198 1.744314 -0.945144
v -0.650014 1.687691 -0.869080
v -1.243107 1.743658 -0.443139
v -1.211073 1.644524 -0.442863
v -1.125696 1.594782 -0.402014
v -1.435688 1.603744 0.261206
v -1.398511 1.508027 0.243285
v -1.299665 1.467771 0.235771
v -1.243589 1.463694 0.965824
v -1.211239 1.371453 0.929532
v -1.125432 1.340727 0.873418
v -0.718102 1.361099 1.481857
v -0.699363 1.271442 1.431997
v -0.649752 1.247715 1.340184
v 0.000000 1.323355 1.670830
v 0.000000 1.234663 1.615980
v 0.000000 1.213522 1.511131
v 0.718102 1.361099 1.481857
v 0.699393 1.271431 1.432049
v 0.649855 1.247681 1.340360
v 1.243589 1.463694 0.965824
v 1.211331 1.371453 0.929583
v 1.125743 1.340692 0.873593
v 1.435688 1.603744 0.261206
v 1.398636 1.508027 0.243285
v 1.300087 1.467771 0.235771
v 0.000000 4.561503 0.793217
v 0.000000 5.740392 0.975720
v 1.124388 4.742744 0.164377
v 1.110440 4.703667 0.166465
v 1.076545 4.684364 0.183260
v 0.649166 4.818464 -0.304784
v 0.641124 4.778593 -0.296865
v 0.621569 4.757084 -0.265925
v 0.000000 4.845076 -0.476680
v 0.000000 4.804871 -0.466632
v 0.000000 4.782568 -0.430514
v -0.649166 4.818496 -0.304779
v -0.641119 4.778604 -0.296854
v -0.621551 4.757084 -0.265896
v -1.124388 4.742744 0.164377
v -1.110335 4.703644 0.166524
v -1.076186 4.684328 0.183463
v -1.298331 4.612137 0.801055
v -1.281938 4.574507 0.795230
v -1.242385 4.558973 0.792826
v -1.124388 4.515667 1.443020
v -1.110160 4.479107 1.429049
v -1.075810 4.466478 1.407027
v -0.649166 4.428770 1.910450
v -0.640787 4.393002 1.890228
v -0.620627 4.382934 1.853336
v 0.000000 4.339111 2.072585
v 0.000000 4.304276 2.050093
v 0.000000 4.296610 2.008373
v 0.649166 4.428770 1.910450
v 0.640935 4.392956 1.890481
v 0.621133 4.382797 1.854200
v 1.124388 4.515667 1.443020
v 1.110197 4.479107 1.429069
v 1.075935 4.466469 1.407099
v 1.298331 4.612137 0.801055
v 1.282024 4.574507 0.795230
v 1.242680 4.558973 0.792825
v 1.124388 5.702285 0.312922
v 1.110733 5.738980 0.326538
v 1.077135 5.753576 0.348319
v 0.649166 5.768938 -0.157644
v 0.641384 5.804626 -0.138489
v 0.622209 5.817150 -0.102972
v 0.000000 5.795572 -0.329535
v 0.000000 5.830938 -0.308342
v 0.000000 5.842650 -0.267796
v -0.649166 5.768938 -0.157644
v -0.641393 5.804638 -0.138506
v -0.622242 5.817150 -0.103029
v -1.124388 5.702285 0.312922
v -1.110876 5.738984 0.326455
v -1.077632 5.753576 0.348031
v -1.298331 5.645628 0.961049
v -1.282484 5.683716 0.966946
v -1.243864 5.700379 0.969526
v -1.124388 5.637897 1.616752
v -1.110007 5.677110 1.614506
v -1.075695 5.694736 1.597395
v -0.649166 5.633701 2.096983
v -0.640401 5.673961 2.088199
v -0.619834 5.692415 2.055816
v 0.000000 5.672561 2.279017
v 0.000000 5.712680 2.267094
v 0.000000 5.730338 2.227986
v 0.649166 5.633701 2.096983
v 0.640135 5.673968 2.087747
v 0.618944 5.692484 2.054303
v 1.124388 5.637897 1.616752
v 1.109541 5.677133 1.614240
v 1.074120 5.694794 1.596495
v 1.298331 5.645628 0.961049
v 1.281979 5.683730 0.966949
v 1.242127 5.700438 0.969535
v 1.180758 37.896602 -0.791936
v 0.668571 38.041023 -1.263953
v -0.020047 38.069572 -1.436639
v -0.702299 37.975965 -1.263953
v -1.197043 37.783897 -0.791936
v -1.371401 37.545478 -0.144696
v -1.177118 37.324516 0.504895
v -0.665211 37.179061 0.981806
v 0.027617 37.149550 1.156718
v 0.714062 37.244192 0.981806
v 1.208522 37.437296 0.504895
v 1.378960 37.675663 -0.144696
v -0.000027 28.172557 -7.765737
v -0.000022 28.339640 -7.912950
v 0.025253 28.339784 -7.900109
v 0.025213 28.178776 -7.759408
v 0.348489 28.332375 -7.534576
v -0.037394 28.190874 -7.746019
v -0.035479 28.336631 -7.892912
v -0.359835 28.348509 -7.525560
v 0.000000 37.651672 11.492609
v 0.000000 38.252071 10.674390
v -0.025443 38.233732 10.673987
v -0.025443 37.654625 11.473399
v -0.398837 37.538363 10.757604
v 0.025443 37.654625 11.473399
v 0.026648 38.234420 10.675336
v 0.421690 37.546272 10.752325
v 0.000000 26.343500 14.421995
v 0.000000 27.072835 14.506184
v -0.025443 27.065130 14.490830
v -0.025443 26.362333 14.409534
v -0.482186 26.786986 13.721678
v 0.025443 26.360790 14.409356
v 0.025443 27.058834 14.490101
v 0.499593 26.786984 13.721679
v 0.000000 20.391723 10.550525
v 0.000000 21.466753 11.568057
v -0.025443 21.415911 11.501465
v -0.025443 20.412610 10.554203
v -0.243468 20.838098 10.633063
v 0.025443 20.438648 10.579611
v 0.025443 21.415911 11.501465
v 0.242828 20.838098 10.633063
v 0.000000 22.133752 12.250909
v -0.013431 21.450534 11.532904
v 0.013431 21.429297 11.532903
v -0.000000 33.552054 -9.589135
v -0.000000 33.317402 -9.581869
v -0.024838 33.319977 -9.569827
v -0.024664 33.543395 -9.576864
v -0.190642 33.366176 -9.306738
v 0.024660 33.531677 -9.577038
v 0.024833 33.325484 -9.570016
v 0.193421 33.366176 -9.306737
vt 0.854293 0.497307
vt 0.854407 0.485773
vt 0.869829 0.486090
vt 0.868784 0.497344
vt 0.853725 0.497143
vt 0.853827 0.485720
vt 0.851623 0.474169
vt 0.869775 0.474734
vt 0.869326 0.497284
vt 0.870358 0.486140
vt 0.853504 0.505685
vt 0.868013 0.505581
vt 0.852947 0.505442
vt 0.851030 0.474235
vt 0.850529 0.465599
vt 0.868542 0.466309
vt 0.870300 0.474890
vt 0.868563 0.505441
vt 0.849933 0.465764
vt 0.869064 0.466533
vt 0.878074 0.496642
vt 0.878881 0.485038
vt 0.895707 0.484669
vt 0.895093 0.496078
vt 0.877481 0.496581
vt 0.878302 0.485092
vt 0.878795 0.473504
vt 0.894105 0.473468
vt 0.895622 0.495924
vt 0.896235 0.484620
vt 0.876965 0.505212
vt 0.893866 0.504502
vt 0.876369 0.505054
vt 0.878228 0.473667
vt 0.878114 0.465126
vt 0.893336 0.465230
vt 0.894649 0.473528
vt 0.894387 0.504284
vt 0.877557 0.465369
vt 0.893886 0.465370
vt 0.693690 0.721652
vt 0.694814 0.710654
vt 0.714224 0.710133
vt 0.711370 0.721473
vt 0.693188 0.721554
vt 0.694306 0.710666
vt 0.694624 0.699626
vt 0.716960 0.698788
vt 0.711919 0.721369
vt 0.714769 0.710107
vt 0.693873 0.729735
vt 0.708886 0.729775
vt 0.693365 0.729555
vt 0.694120 0.699740
vt 0.695901 0.691636
vt 0.718047 0.690494
vt 0.717499 0.698881
vt 0.709417 0.729616
vt 0.695387 0.691811
vt 0.718585 0.690670
vt 0.725369 0.720464
vt 0.725633 0.709448
vt 0.744464 0.709733
vt 0.747202 0.721326
vt 0.724852 0.720348
vt 0.725116 0.709435
vt 0.725117 0.698413
vt 0.740670 0.698603
vt 0.747732 0.721232
vt 0.745004 0.709758
vt 0.727397 0.728480
vt 0.748287 0.729622
vt 0.726869 0.728297
vt 0.724595 0.698507
vt 0.725251 0.690333
vt 0.737932 0.689942
vt 0.741195 0.698717
vt 0.748817 0.729448
vt 0.724727 0.690508
vt 0.738451 0.690104
vt 0.058287 0.931575
vt 0.056066 0.918931
vt 0.071473 0.915917
vt 0.077450 0.927766
vt 0.057800 0.931557
vt 0.055597 0.919014
vt 0.053845 0.906287
vt 0.065893 0.904008
vt 0.077899 0.927561
vt 0.071971 0.915829
vt 0.059913 0.940831
vt 0.079633 0.936804
vt 0.059413 0.940739
vt 0.053394 0.906470
vt 0.052219 0.897031
vt 0.060558 0.895383
vt 0.066401 0.904020
vt 0.080059 0.936507
vt 0.051781 0.897288
vt 0.061066 0.895453
vt 0.191306 0.924841
vt 0.193526 0.912197
vt 0.202906 0.913844
vt 0.199492 0.926172
vt 0.190854 0.924658
vt 0.193057 0.912114
vt 0.195747 0.899553
vt 0.207751 0.901832
vt 0.199979 0.926176
vt 0.203384 0.913935
vt 0.189680 0.934097
vt 0.197266 0.935429
vt 0.189241 0.933840
vt 0.195260 0.899571
vt 0.197373 0.890297
vt 0.213786 0.893311
vt 0.208224 0.902014
vt 0.197760 0.935370
vt 0.200296 0.926019
vt 0.203640 0.913997
vt 0.196873 0.890389
vt 0.214255 0.893578
vt 0.208402 0.902287
vt 0.313748 0.919896
vt 0.311393 0.908079
vt 0.330479 0.905133
vt 0.331529 0.917143
vt 0.313024 0.919856
vt 0.310720 0.908181
vt 0.310203 0.896018
vt 0.328993 0.892385
vt 0.332209 0.916892
vt 0.331185 0.905024
vt 0.315152 0.928589
vt 0.332764 0.925863
vt 0.314413 0.928442
vt 0.309544 0.896271
vt 0.306350 0.886869
vt 0.330946 0.883892
vt 0.329702 0.892431
vt 0.333426 0.925508
vt 0.305700 0.887240
vt 0.331662 0.884063
vt 0.276023 0.917019
vt 0.277403 0.904851
vt 0.296655 0.907578
vt 0.296667 0.919772
vt 0.275346 0.916760
vt 0.276716 0.904746
vt 0.279875 0.892802
vt 0.297116 0.895405
vt 0.297337 0.919709
vt 0.297314 0.907674
vt 0.273908 0.925681
vt 0.296465 0.928636
vt 0.273244 0.925311
vt 0.279166 0.892845
vt 0.280501 0.883892
vt 0.297698 0.886504
vt 0.297770 0.895650
vt 0.297155 0.928449
vt 0.279782 0.884045
vt 0.298345 0.886854
vt 0.639240 0.707782
vt 0.639502 0.697041
vt 0.656219 0.698095
vt 0.655909 0.709127
vt 0.638862 0.707723
vt 0.639114 0.697071
vt 0.638908 0.688679
vt 0.656458 0.689530
vt 0.656294 0.709161
vt 0.656596 0.698207
vt 0.637772 0.718005
vt 0.657423 0.720217
vt 0.637406 0.717866
vt 0.638513 0.688786
vt 0.656831 0.689695
vt 0.657818 0.720168
vt 0.636370 0.725010
vt 0.656797 0.727603
vt 0.636008 0.724814
vt 0.657195 0.727493
vt 0.665968 0.722654
vt 0.665052 0.712405
vt 0.683692 0.710783
vt 0.684741 0.721493
vt 0.665592 0.722583
vt 0.664686 0.712433
vt 0.664606 0.701675
vt 0.684267 0.698344
vt 0.685209 0.721393
vt 0.684171 0.710888
vt 0.667931 0.729637
vt 0.685484 0.728763
vt 0.667540 0.729502
vt 0.664249 0.701799
vt 0.664176 0.693364
vt 0.686775 0.690494
vt 0.684675 0.698363
vt 0.685943 0.728697
vt 0.663828 0.693557
vt 0.687178 0.690596
vt 0.756824 0.721611
vt 0.755729 0.710620
vt 0.768382 0.709249
vt 0.771393 0.720264
vt 0.756344 0.721555
vt 0.755262 0.710666
vt 0.755580 0.699533
vt 0.767038 0.698172
vt 0.771887 0.720126
vt 0.768887 0.709200
vt 0.757509 0.729667
vt 0.776097 0.728119
vt 0.757019 0.729535
vt 0.755118 0.699681
vt 0.755280 0.691436
vt 0.767076 0.689942
vt 0.767541 0.698195
vt 0.776587 0.727905
vt 0.772143 0.719860
vt 0.769189 0.709170
vt 0.754827 0.691657
vt 0.767575 0.690019
vt 0.767875 0.698367
vt 0.776778 0.727461
vt 0.784225 0.720112
vt 0.784907 0.709081
vt 0.804710 0.711297
vt 0.800210 0.722369
vt 0.783766 0.719966
vt 0.784438 0.709036
vt 0.785470 0.698041
vt 0.808678 0.700320
vt 0.800715 0.722331
vt 0.805195 0.711345
vt 0.783247 0.728142
vt 0.797632 0.729988
vt 0.782788 0.727923
vt 0.784991 0.698097
vt 0.785474 0.689918
vt 0.809640 0.692093
vt 0.809138 0.700476
vt 0.798136 0.729901
vt 0.784979 0.690051
vt 0.810093 0.692331
vt 0.653314 0.675752
vt 0.649013 0.663838
vt 0.666458 0.661832
vt 0.667124 0.673470
vt 0.652730 0.675740
vt 0.648444 0.663908
vt 0.643987 0.651957
vt 0.666071 0.650172
vt 0.667629 0.673275
vt 0.666983 0.661769
vt 0.655015 0.684769
vt 0.668289 0.681897
vt 0.654437 0.684700
vt 0.643436 0.652137
vt 0.640339 0.643295
vt 0.666197 0.641585
vt 0.666614 0.650235
vt 0.668778 0.681606
vt 0.639805 0.643586
vt 0.666750 0.641743
vt 0.679191 0.676216
vt 0.683574 0.664261
vt 0.698954 0.666254
vt 0.699310 0.677896
vt 0.678637 0.676036
vt 0.682996 0.664191
vt 0.686354 0.652297
vt 0.702294 0.654869
vt 0.699853 0.677838
vt 0.699478 0.666321
vt 0.676615 0.685062
vt 0.700171 0.686585
vt 0.676079 0.684770
vt 0.685766 0.652321
vt 0.689341 0.643496
vt 0.704276 0.646556
vt 0.702794 0.655057
vt 0.700728 0.686432
vt 0.688755 0.643577
vt 0.704764 0.646841
vt 0.818823 0.721857
vt 0.819391 0.710806
vt 0.843099 0.709031
vt 0.842290 0.720116
vt 0.817974 0.721750
vt 0.818563 0.710880
vt 0.820051 0.699769
vt 0.843115 0.697986
vt 0.843076 0.719889
vt 0.843893 0.708952
vt 0.816954 0.729990
vt 0.841485 0.728241
vt 0.816103 0.729723
vt 0.819244 0.700007
vt 0.819942 0.691745
vt 0.842725 0.689918
vt 0.843923 0.698073
vt 0.842263 0.727913
vt 0.819147 0.692105
vt 0.843547 0.690137
vt 0.903963 0.495334
vt 0.903364 0.484152
vt 0.929681 0.486100
vt 0.929147 0.497122
vt 0.903170 0.495053
vt 0.902566 0.484069
vt 0.903059 0.473151
vt 0.930205 0.475073
vt 0.929975 0.497035
vt 0.930487 0.486171
vt 0.905696 0.503330
vt 0.929951 0.505242
vt 0.904912 0.502933
vt 0.902245 0.473299
vt 0.903446 0.465126
vt 0.930591 0.466999
vt 0.930996 0.475298
vt 0.930786 0.505027
vt 0.902615 0.465432
vt 0.931370 0.467333
vt 0.593791 0.714743
vt 0.593944 0.704346
vt 0.607483 0.705614
vt 0.606014 0.715888
vt 0.593317 0.714600
vt 0.593459 0.704302
vt 0.593466 0.693891
vt 0.606921 0.695151
vt 0.606505 0.715831
vt 0.607959 0.705659
vt 0.593080 0.722298
vt 0.605308 0.723443
vt 0.592615 0.722085
vt 0.592969 0.693952
vt 0.592430 0.686172
vt 0.605796 0.687424
vt 0.607398 0.695296
vt 0.605805 0.723311
vt 0.591930 0.686322
vt 0.606267 0.687632
vt 0.615505 0.715725
vt 0.615983 0.705269
vt 0.629522 0.704001
vt 0.628961 0.714465
vt 0.615008 0.715668
vt 0.615498 0.705313
vt 0.615830 0.694872
vt 0.628053 0.693728
vt 0.629437 0.714323
vt 0.629998 0.703956
vt 0.614469 0.723443
vt 0.627835 0.722191
vt 0.613969 0.723300
vt 0.615356 0.695014
vt 0.615119 0.687317
vt 0.627348 0.686172
vt 0.628545 0.693785
vt 0.628306 0.721989
vt 0.614654 0.687530
vt 0.627845 0.686304
vt 0.532894 0.713427
vt 0.530726 0.703146
vt 0.548581 0.703384
vt 0.546989 0.714068
vt 0.532221 0.713272
vt 0.530056 0.703137
vt 0.528293 0.692863
vt 0.550728 0.692698
vt 0.547709 0.713951
vt 0.549294 0.703393
vt 0.532717 0.720916
vt 0.547625 0.721903
vt 0.532056 0.720654
vt 0.527618 0.693019
vt 0.526277 0.685332
vt 0.552756 0.684880
vt 0.551435 0.692851
vt 0.548334 0.721686
vt 0.525596 0.685640
vt 0.553452 0.685145
vt 0.561076 0.713962
vt 0.563066 0.703686
vt 0.581400 0.703456
vt 0.583182 0.714146
vt 0.560389 0.713798
vt 0.562365 0.703695
vt 0.564931 0.693410
vt 0.582052 0.692732
vt 0.583880 0.714005
vt 0.582097 0.703445
vt 0.560150 0.721469
vt 0.585215 0.721947
vt 0.559462 0.721154
vt 0.564238 0.693581
vt 0.566042 0.685892
vt 0.583128 0.684880
vt 0.582746 0.692846
vt 0.585920 0.721694
vt 0.565360 0.686169
vt 0.583827 0.685089
vt 0.172340 0.749650
vt 0.175611 0.753324
vt 0.173493 0.755189
vt 0.170222 0.751513
vt 0.173400 0.748725
vt 0.176739 0.752473
vt 0.178759 0.756769
vt 0.176645 0.758638
vt 0.172497 0.756215
vt 0.169156 0.752464
vt 0.160736 0.740724
vt 0.162878 0.738914
vt 0.163932 0.737967
vt 0.181382 0.759689
vt 0.179275 0.761556
vt 0.159622 0.741607
vt 0.148270 0.726597
vt 0.150410 0.724801
vt 0.151478 0.723830
vt 0.182953 0.761694
vt 0.180743 0.763434
vt 0.147184 0.727457
vt 0.135804 0.712469
vt 0.137941 0.710687
vt 0.139024 0.709693
vt 0.134747 0.713306
vt 0.129505 0.705357
vt 0.131678 0.703615
vt 0.132763 0.702593
vt 0.128416 0.706109
vt 0.125583 0.701180
vt 0.127797 0.699483
vt 0.128827 0.698460
vt 0.122055 0.697049
vt 0.124372 0.695417
vt 0.124400 0.701906
vt 0.120626 0.697667
vt 0.119421 0.693471
vt 0.121792 0.691899
vt 0.117580 0.693694
vt 0.117905 0.691117
vt 0.120308 0.689633
vt 0.117312 0.688237
vt 0.119672 0.686670
vt 0.440924 0.466030
vt 0.437518 0.469856
vt 0.435392 0.467980
vt 0.438797 0.464156
vt 0.441987 0.466960
vt 0.438646 0.470711
vt 0.433927 0.473790
vt 0.431807 0.471913
vt 0.434404 0.466969
vt 0.437743 0.463221
vt 0.448291 0.453313
vt 0.450466 0.455128
vt 0.451521 0.456103
vt 0.430444 0.477707
vt 0.428332 0.475835
vt 0.447210 0.452463
vt 0.460727 0.439160
vt 0.462884 0.440969
vt 0.463959 0.441952
vt 0.428030 0.480999
vt 0.425817 0.479256
vt 0.459665 0.438326
vt 0.473163 0.425006
vt 0.475301 0.426809
vt 0.476396 0.427802
vt 0.472119 0.424189
vt 0.479477 0.417845
vt 0.481653 0.419580
vt 0.482727 0.420605
vt 0.478380 0.417089
vt 0.483505 0.413693
vt 0.485724 0.415331
vt 0.486743 0.416402
vt 0.482316 0.412956
vt 0.487316 0.409517
vt 0.489636 0.411151
vt 0.485881 0.408901
vt 0.490665 0.405293
vt 0.493037 0.406888
vt 0.488820 0.405076
vt 0.493006 0.401066
vt 0.495411 0.402547
vt 0.494095 0.396728
vt 0.496455 0.398291
vt 0.056273 0.751387
vt 0.058391 0.753250
vt 0.055120 0.756927
vt 0.053002 0.755061
vt 0.067877 0.742461
vt 0.065735 0.740651
vt 0.059457 0.754201
vt 0.056116 0.757952
vt 0.051968 0.760375
vt 0.049854 0.758507
vt 0.055213 0.750462
vt 0.051874 0.754210
vt 0.068991 0.743344
vt 0.064681 0.739704
vt 0.078204 0.726538
vt 0.080343 0.728334
vt 0.049338 0.763293
vt 0.047231 0.761427
vt 0.081429 0.729194
vt 0.077135 0.725567
vt 0.090672 0.712424
vt 0.092809 0.714206
vt 0.047870 0.765171
vt 0.045660 0.763432
vt 0.093866 0.715043
vt 0.089589 0.711430
vt 0.099108 0.707094
vt 0.096935 0.705352
vt 0.100197 0.707846
vt 0.095851 0.704330
vt 0.100816 0.701220
vt 0.103030 0.702917
vt 0.099786 0.700197
vt 0.104241 0.697154
vt 0.106559 0.698786
vt 0.106822 0.693636
vt 0.109192 0.695208
vt 0.104213 0.703643
vt 0.107987 0.699404
vt 0.108305 0.691370
vt 0.110708 0.692854
vt 0.111033 0.695431
vt 0.108941 0.688408
vt 0.111301 0.689974
vt 0.404699 0.466030
vt 0.406826 0.464156
vt 0.410231 0.467980
vt 0.408105 0.469856
vt 0.397332 0.453313
vt 0.395157 0.455128
vt 0.407880 0.463221
vt 0.411220 0.466969
vt 0.413816 0.471913
vt 0.411696 0.473790
vt 0.403636 0.466960
vt 0.406978 0.470711
vt 0.398413 0.452463
vt 0.394102 0.456103
vt 0.382740 0.440969
vt 0.384896 0.439160
vt 0.417292 0.475835
vt 0.415180 0.477707
vt 0.385958 0.438326
vt 0.381665 0.441952
vt 0.370322 0.426809
vt 0.372460 0.425006
vt 0.419807 0.479256
vt 0.417593 0.480999
vt 0.373504 0.424189
vt 0.369227 0.427802
vt 0.366147 0.417845
vt 0.363970 0.419580
vt 0.367243 0.417089
vt 0.362897 0.420605
vt 0.359900 0.415331
vt 0.362119 0.413693
vt 0.363307 0.412956
vt 0.358881 0.416402
vt 0.355987 0.411151
vt 0.358308 0.409517
vt 0.359742 0.408901
vt 0.352586 0.406888
vt 0.354958 0.405293
vt 0.356804 0.405076
vt 0.350213 0.402547
vt 0.352617 0.401066
vt 0.349168 0.398291
vt 0.351528 0.396728
vt 0.920081 0.375760
vt 0.922951 0.375753
vt 0.922955 0.381171
vt 0.920085 0.381180
vt 0.920033 0.356817
vt 0.922904 0.356810
vt 0.924381 0.375747
vt 0.924384 0.381428
vt 0.922916 0.385241
vt 0.920045 0.385255
vt 0.918617 0.375761
vt 0.918620 0.381444
vt 0.919902 0.337874
vt 0.922771 0.337867
vt 0.924333 0.356804
vt 0.918569 0.356818
vt 0.924336 0.386359
vt 0.922829 0.387914
vt 0.919958 0.387933
vt 0.918572 0.386378
vt 0.918476 0.337875
vt 0.919818 0.332456
vt 0.922688 0.332450
vt 0.924240 0.337861
vt 0.918403 0.332194
vt 0.919684 0.328346
vt 0.922554 0.328345
vt 0.924166 0.332181
vt 0.918254 0.327259
vt 0.919483 0.325569
vt 0.922354 0.325574
vt 0.924016 0.327250
vt 0.151908 0.783374
vt 0.149040 0.783367
vt 0.149043 0.777421
vt 0.151911 0.777428
vt 0.151861 0.802317
vt 0.148992 0.802310
vt 0.147603 0.783360
vt 0.147606 0.777678
vt 0.148986 0.771625
vt 0.151854 0.771634
vt 0.153366 0.783375
vt 0.153370 0.777693
vt 0.151794 0.821260
vt 0.148926 0.821253
vt 0.147555 0.802303
vt 0.153319 0.802318
vt 0.147558 0.772743
vt 0.148848 0.767344
vt 0.151717 0.767354
vt 0.153321 0.772763
vt 0.153225 0.821261
vt 0.151733 0.827205
vt 0.148864 0.827198
vt 0.147462 0.821246
vt 0.153152 0.826941
vt 0.151575 0.832993
vt 0.148707 0.832988
vt 0.147389 0.826928
vt 0.153002 0.831872
vt 0.151279 0.837311
vt 0.148411 0.837306
vt 0.147239 0.831862
vt 0.908230 0.338045
vt 0.908253 0.332627
vt 0.911125 0.332635
vt 0.911101 0.338053
vt 0.906620 0.338039
vt 0.906645 0.332357
vt 0.908313 0.328556
vt 0.911184 0.328570
vt 0.908182 0.356988
vt 0.911053 0.356996
vt 0.906718 0.327428
vt 0.906572 0.356982
vt 0.908414 0.325886
vt 0.911285 0.325905
vt 0.910921 0.375939
vt 0.908050 0.375931
vt 0.906479 0.375925
vt 0.910857 0.381357
vt 0.907986 0.381351
vt 0.906429 0.381607
vt 0.912243 0.375939
vt 0.912192 0.381620
vt 0.910822 0.385466
vt 0.907951 0.385465
vt 0.906400 0.386547
vt 0.910810 0.388245
vt 0.907939 0.388250
vt 0.164955 0.821301
vt 0.164982 0.827245
vt 0.162114 0.827253
vt 0.162087 0.821308
vt 0.166559 0.821294
vt 0.166585 0.826974
vt 0.165068 0.833034
vt 0.162200 0.833043
vt 0.164908 0.802358
vt 0.162039 0.802365
vt 0.166657 0.831900
vt 0.166512 0.802351
vt 0.165228 0.837301
vt 0.162359 0.837311
vt 0.161972 0.783422
vt 0.164841 0.783415
vt 0.166418 0.783408
vt 0.161935 0.777476
vt 0.164804 0.777469
vt 0.166367 0.777726
vt 0.160654 0.783422
vt 0.160603 0.777740
vt 0.161921 0.771680
vt 0.164789 0.771674
vt 0.166338 0.772791
vt 0.161922 0.767349
vt 0.164790 0.767344
vt 0.749410 0.504461
vt 0.749252 0.506377
vt 0.701196 0.506377
vt 0.701038 0.504461
vt 0.755548 0.504461
vt 0.754941 0.506377
vt 0.695507 0.506377
vt 0.694900 0.504461
vt 0.701038 0.398642
vt 0.749410 0.398642
vt 0.755548 0.398642
vt 0.694900 0.398642
vt 0.749252 0.396726
vt 0.701196 0.396726
vt 0.754941 0.396726
vt 0.695507 0.396726
vt 0.634537 0.506377
vt 0.634380 0.504461
vt 0.682751 0.504461
vt 0.682593 0.506377
vt 0.628848 0.506377
vt 0.628241 0.504461
vt 0.634380 0.398642
vt 0.682751 0.398642
vt 0.688890 0.504461
vt 0.688282 0.506377
vt 0.628241 0.398642
vt 0.634537 0.396726
vt 0.682593 0.396726
vt 0.688890 0.398642
vt 0.628848 0.396726
vt 0.688282 0.396726
vt 0.944471 0.376040
vt 0.939600 0.376273
vt 0.936643 0.359808
vt 0.941402 0.358953
vt 0.946717 0.388548
vt 0.941765 0.388326
vt 0.935448 0.374549
vt 0.932921 0.360476
vt 0.933686 0.343342
vt 0.938334 0.341866
vt 0.972111 0.353461
vt 0.975003 0.369564
vt 0.977121 0.381353
vt 0.930394 0.346403
vt 0.931522 0.331289
vt 0.936087 0.329357
vt 0.969219 0.337357
vt 0.972673 0.353360
vt 0.975538 0.369317
vt 0.977636 0.380998
vt 0.967102 0.325569
vt 0.969807 0.337404
vt 0.967710 0.325722
vt 0.916937 0.305362
vt 0.912290 0.303886
vt 0.915247 0.287420
vt 0.920006 0.288275
vt 0.914691 0.317871
vt 0.910125 0.315939
vt 0.908998 0.300825
vt 0.911524 0.286752
vt 0.918204 0.270955
vt 0.923074 0.271188
vt 0.950715 0.293767
vt 0.947823 0.309870
vt 0.945706 0.321659
vt 0.914052 0.272679
vt 0.920368 0.258902
vt 0.925321 0.258680
vt 0.953607 0.277664
vt 0.951276 0.293868
vt 0.948411 0.309824
vt 0.946313 0.321505
vt 0.955724 0.265875
vt 0.954142 0.277911
vt 0.956240 0.266230
vt 0.589294 0.619977
vt 0.588294 0.620425
vt 0.585541 0.605095
vt 0.586588 0.604907
vt 0.591276 0.631008
vt 0.590310 0.631648
vt 0.582504 0.621903
vt 0.579661 0.606076
vt 0.582788 0.589765
vt 0.583882 0.589838
vt 0.584584 0.633490
vt 0.579068 0.606182
vt 0.581892 0.621909
vt 0.576819 0.590248
vt 0.580773 0.578542
vt 0.581901 0.578806
vt 0.583959 0.633422
vt 0.576243 0.590455
vt 0.574738 0.578661
vt 0.574176 0.578943
vt 0.606992 0.621996
vt 0.605898 0.622068
vt 0.608651 0.606738
vt 0.609698 0.606926
vt 0.605011 0.633027
vt 0.603883 0.633291
vt 0.599929 0.621585
vt 0.602771 0.605758
vt 0.611404 0.591408
vt 0.612404 0.591857
vt 0.597848 0.633172
vt 0.602178 0.605651
vt 0.599353 0.621378
vt 0.605614 0.589930
vt 0.613419 0.580186
vt 0.614385 0.580825
vt 0.597286 0.632891
vt 0.605002 0.589925
vt 0.607694 0.578344
vt 0.607069 0.578412
vt 0.542216 0.582798
vt 0.544701 0.583602
vt 0.542109 0.598039
vt 0.539594 0.597400
vt 0.544136 0.572108
vt 0.546599 0.573034
vt 0.545085 0.583606
vt 0.542481 0.598105
vt 0.539516 0.612475
vt 0.536971 0.612002
vt 0.541881 0.582643
vt 0.539242 0.597337
vt 0.546991 0.572991
vt 0.543813 0.571886
vt 0.539877 0.612606
vt 0.537618 0.623044
vt 0.535052 0.622692
vt 0.536603 0.612031
vt 0.537971 0.623220
vt 0.534671 0.622788
vt 0.518642 0.583104
vt 0.521186 0.582631
vt 0.523779 0.597068
vt 0.521264 0.597706
vt 0.516722 0.572414
vt 0.519289 0.572063
vt 0.521547 0.582501
vt 0.524151 0.597001
vt 0.526372 0.611504
vt 0.523886 0.612308
vt 0.518273 0.583075
vt 0.520912 0.597769
vt 0.519641 0.571886
vt 0.516341 0.572318
vt 0.526755 0.611501
vt 0.528270 0.622073
vt 0.525806 0.622998
vt 0.523551 0.612463
vt 0.528661 0.622116
vt 0.525483 0.623220
vt 0.510077 0.717784
vt 0.509928 0.715731
vt 0.510614 0.716171
vt 0.510009 0.717882
vt 0.509928 0.717635
vt 0.509234 0.715571
vt 0.511197 0.716764
vt 0.510028 0.718013
vt 0.509513 0.717700
vt 0.508624 0.715752
vt 0.509178 0.719356
vt 0.509295 0.719504
vt 0.511658 0.717406
vt 0.510195 0.718313
vt 0.509039 0.718048
vt 0.508072 0.716211
vt 0.508747 0.719413
vt 0.512023 0.718021
vt 0.510423 0.718712
vt 0.509216 0.719708
vt 0.509470 0.720047
vt 0.512305 0.718527
vt 0.510637 0.719084
vt 0.509820 0.720519
vt 0.510173 0.720993
vt 0.619173 0.727535
vt 0.618849 0.729286
vt 0.618902 0.728845
vt 0.618804 0.727353
vt 0.078831 0.992219
vt 0.080449 0.991857
vt 0.081915 0.996476
vt 0.080030 0.997244
vt 0.078541 0.984786
vt 0.080224 0.984371
vt 0.081821 0.992237
vt 0.083523 0.996911
vt 0.081939 0.996989
vt 0.080083 0.998008
vt 0.078509 0.975419
vt 0.080458 0.975027
vt 0.081902 0.984616
vt 0.083681 0.997895
vt 0.080470 0.974437
vt 0.078778 0.974801
vt 0.082403 0.975281
vt 0.082133 0.974650
vt 0.576378 0.726269
vt 0.575346 0.728193
vt 0.574793 0.728220
vt 0.575550 0.726121
vt 0.576377 0.730058
vt 0.575239 0.729710
vt 0.573934 0.728053
vt 0.574383 0.725857
vt 0.573843 0.729393
vt 0.573516 0.728137
vt 0.573485 0.725884
vt 0.572984 0.729421
vt 0.039101 0.995779
vt 0.037073 0.996237
vt 0.036766 0.995758
vt 0.038791 0.995230
vt 0.033895 0.993594
vt 0.035121 0.992982
vt 0.041249 0.996974
vt 0.040810 0.995629
vt 0.032689 0.984382
vt 0.034573 0.983811
vt 0.036664 0.992695
vt 0.041151 0.997270
vt 0.039447 0.996042
vt 0.032753 0.974844
vt 0.035111 0.974332
vt 0.036138 0.983728
vt 0.032903 0.974271
vt 0.034992 0.973780
vt 0.036669 0.974061
vt 0.036373 0.973512
vt 0.134854 0.963249
vt 0.136496 0.963015
vt 0.135246 0.968422
vt 0.133290 0.968729
vt 0.135077 0.955851
vt 0.136786 0.955609
vt 0.135085 0.969951
vt 0.133048 0.970641
vt 0.133486 0.962944
vt 0.131736 0.968046
vt 0.133404 0.955429
vt 0.134832 0.946492
vt 0.136815 0.946231
vt 0.131468 0.969777
vt 0.132894 0.946104
vt 0.136561 0.945575
vt 0.134816 0.945813
vt 0.133152 0.945427
vt 0.135931 0.945200
vt 0.134806 0.945357
vt 0.133829 0.945099
vt 0.448879 0.717026
vt 0.450962 0.717351
vt 0.451359 0.717993
vt 0.449624 0.718497
vt 0.448704 0.715877
vt 0.450798 0.716730
vt 0.451951 0.718669
vt 0.450686 0.719826
vt 0.447150 0.717961
vt 0.447913 0.719468
vt 0.448987 0.715060
vt 0.450963 0.716083
vt 0.446979 0.716793
vt 0.452672 0.719308
vt 0.451756 0.720781
vt 0.448972 0.720782
vt 0.449600 0.714361
vt 0.451464 0.715447
vt 0.453435 0.719879
vt 0.452739 0.721469
vt 0.449999 0.721629
vt 0.454152 0.720405
vt 0.453595 0.722040
vt 0.450904 0.722181
vt 0.454673 0.720752
vt 0.454357 0.722534
vt 0.451651 0.722616
vt 0.439766 0.720217
vt 0.437650 0.720877
vt 0.436983 0.718480
vt 0.439202 0.718068
vt 0.440665 0.722203
vt 0.438742 0.723054
vt 0.436128 0.720572
vt 0.435614 0.718638
vt 0.436835 0.716313
vt 0.439115 0.716332
vt 0.435524 0.716862
vt 0.437395 0.714361
vt 0.439561 0.715022
vt 0.105041 0.968178
vt 0.102987 0.968025
vt 0.107259 0.964529
vt 0.108501 0.965105
vt 0.104495 0.970596
vt 0.102422 0.970250
vt 0.107905 0.955549
vt 0.109790 0.956155
vt 0.107032 0.967902
vt 0.110022 0.965345
vt 0.106614 0.969176
vt 0.107623 0.945671
vt 0.109973 0.946213
vt 0.111475 0.956341
vt 0.109951 0.945614
vt 0.107826 0.945099
vt 0.112034 0.946602
vt 0.111809 0.946003
vt 0.012564 0.827931
vt 0.014682 0.829793
vt 0.011411 0.833470
vt 0.009293 0.831604
vt 0.031038 0.809070
vt 0.033201 0.810887
vt 0.008259 0.836918
vt 0.006145 0.835050
vt 0.055399 0.787768
vt 0.053226 0.786026
vt 0.034209 0.811676
vt 0.015748 0.830744
vt 0.029914 0.808048
vt 0.011504 0.827005
vt 0.005629 0.839836
vt 0.003522 0.837970
vt 0.056487 0.788520
vt 0.052141 0.785003
vt 0.057107 0.781894
vt 0.059321 0.783591
vt 0.004161 0.841715
vt 0.001951 0.839975
vt 0.056077 0.780871
vt 0.060532 0.777828
vt 0.062849 0.779460
vt 0.063112 0.774310
vt 0.065483 0.775882
vt 0.064596 0.772044
vt 0.066999 0.773528
vt 0.064278 0.780078
vt 0.067324 0.776105
vt 0.065232 0.769081
vt 0.067592 0.770648
vt 0.328050 0.461899
vt 0.330177 0.460025
vt 0.333582 0.463850
vt 0.331457 0.465725
vt 0.309541 0.442833
vt 0.311675 0.441043
vt 0.337167 0.467783
vt 0.335047 0.469659
vt 0.289498 0.417845
vt 0.287321 0.419580
vt 0.331232 0.459090
vt 0.312821 0.440133
vt 0.308526 0.443761
vt 0.326988 0.462829
vt 0.340643 0.471704
vt 0.338531 0.473576
vt 0.290594 0.417089
vt 0.286248 0.420605
vt 0.283251 0.415331
vt 0.285470 0.413693
vt 0.343158 0.475125
vt 0.340945 0.476869
vt 0.282232 0.416402
vt 0.279339 0.411151
vt 0.281659 0.409517
vt 0.275938 0.406888
vt 0.278309 0.405293
vt 0.273564 0.402547
vt 0.275968 0.401066
vt 0.283094 0.408901
vt 0.280155 0.405076
vt 0.272519 0.398291
vt 0.274879 0.396728
vt 0.129719 0.827931
vt 0.132990 0.831604
vt 0.130872 0.833470
vt 0.127601 0.829793
vt 0.136139 0.835050
vt 0.134024 0.836918
vt 0.086884 0.787768
vt 0.089057 0.786026
vt 0.138761 0.837970
vt 0.136654 0.839836
vt 0.082962 0.783591
vt 0.085176 0.781894
vt 0.140332 0.839975
vt 0.138122 0.841715
vt 0.079434 0.779460
vt 0.081751 0.777828
vt 0.086206 0.780871
vt 0.090142 0.785003
vt 0.076800 0.775882
vt 0.079171 0.774310
vt 0.078005 0.780078
vt 0.074960 0.776105
vt 0.075284 0.773528
vt 0.077687 0.772044
vt 0.074691 0.770648
vt 0.077051 0.769081
vt 0.210978 0.741610
vt 0.207571 0.745436
vt 0.205446 0.743561
vt 0.208851 0.739736
vt 0.203981 0.749370
vt 0.201861 0.747494
vt 0.249530 0.697556
vt 0.251707 0.699290
vt 0.200497 0.753287
vt 0.198385 0.751415
vt 0.253558 0.693404
vt 0.255777 0.695042
vt 0.198083 0.756579
vt 0.195870 0.754836
vt 0.257369 0.689228
vt 0.259689 0.690862
vt 0.256796 0.696113
vt 0.252780 0.700316
vt 0.260719 0.685004
vt 0.263090 0.686599
vt 0.255935 0.688612
vt 0.258873 0.684786
vt 0.263060 0.680777
vt 0.265464 0.682258
vt 0.264149 0.676439
vt 0.266509 0.678002
vt 0.723349 0.260366
vt 0.692104 0.268714
vt 0.689606 0.252779
vt 0.723006 0.245912
vt 0.723100 0.271245
vt 0.693175 0.279826
vt 0.656266 0.260938
vt 0.661409 0.279080
vt 0.687689 0.234403
vt 0.722942 0.230055
vt 0.749380 0.254706
vt 0.750443 0.240306
vt 0.723188 0.271690
vt 0.693285 0.280268
vt 0.665693 0.291074
vt 0.748610 0.265136
vt 0.652345 0.238516
vt 0.626178 0.271573
vt 0.636831 0.293139
vt 0.687537 0.215503
vt 0.723578 0.213882
vt 0.751504 0.225930
vt 0.748576 0.265606
vt 0.723181 0.271960
vt 0.693288 0.280549
vt 0.665908 0.291480
vt 0.645538 0.306103
vt 0.651741 0.214128
vt 0.617944 0.243156
vt 0.614950 0.311948
vt 0.597702 0.285731
vt 0.724758 0.198284
vt 0.689842 0.199067
vt 0.752566 0.211555
vt 0.748556 0.265870
vt 0.666017 0.291747
vt 0.645854 0.306430
vt 0.629669 0.326678
vt 0.613585 0.206876
vt 0.657228 0.194591
vt 0.582735 0.253833
vt 0.577823 0.297655
vt 0.599408 0.328017
vt 0.753878 0.193771
vt 0.690878 0.190174
vt 0.724611 0.189087
vt 0.646064 0.306688
vt 0.630031 0.326952
vt 0.620294 0.346263
vt 0.576180 0.215597
vt 0.628672 0.181069
vt 0.660838 0.183507
vt 0.561018 0.260776
vt 0.554743 0.310248
vt 0.585429 0.350938
vt 0.754813 0.183326
vt 0.724556 0.188638
vt 0.690908 0.189724
vt 0.630280 0.327247
vt 0.620731 0.346452
vt 0.616433 0.369851
vt 0.551911 0.219153
vt 0.594982 0.179788
vt 0.569799 0.178645
vt 0.604302 0.153297
vt 0.642888 0.168224
vt 0.661024 0.183083
vt 0.536690 0.270043
vt 0.554341 0.310464
vt 0.585116 0.351274
vt 0.754854 0.182855
vt 0.724533 0.188371
vt 0.690926 0.189478
vt 0.650458 0.313144
vt 0.637276 0.338789
vt 0.621059 0.346698
vt 0.616891 0.370095
vt 0.616359 0.370419
vt 0.527863 0.223602
vt 0.547778 0.175453
vt 0.578382 0.142830
vt 0.632518 0.147664
vt 0.643242 0.167938
vt 0.536260 0.270180
vt 0.553955 0.310628
vt 0.584830 0.351561
vt 0.754876 0.182559
vt 0.632219 0.358287
vt 0.617208 0.370412
vt 0.616736 0.370513
vt 0.616456 0.370857
vt 0.527419 0.223665
vt 0.525234 0.169759
vt 0.556882 0.135189
vt 0.594217 0.106824
vt 0.614338 0.116756
vt 0.632600 0.123178
vt 0.632970 0.147557
vt 0.535861 0.270309
vt 0.579913 0.367278
vt 0.570560 0.357097
vt 0.569203 0.344964
vt 0.556490 0.346875
vt 0.533628 0.318020
vt 0.724441 0.184624
vt 0.755159 0.177789
vt 0.630549 0.392397
vt 0.616919 0.370849
vt 0.629752 0.392814
vt 0.527011 0.223746
vt 0.524784 0.169733
vt 0.532541 0.126093
vt 0.575796 0.098321
vt 0.613303 0.071604
vt 0.626801 0.085634
vt 0.640175 0.092692
vt 0.633047 0.123238
vt 0.513951 0.277473
vt 0.630276 0.392816
vt 0.504891 0.228679
vt 0.524367 0.169707
vt 0.532112 0.125946
vt 0.553006 0.092541
vt 0.602039 0.060441
vt 0.640663 0.059050
vt 0.633924 0.040167
vt 0.649463 0.073379
vt 0.640596 0.092856
vt 0.502345 0.168357
vt 0.531701 0.125831
vt 0.552627 0.092298
vt 0.590101 0.049862
vt 0.630523 0.022599
vt 0.641070 0.058846
vt 0.634359 0.040055
vt 0.649735 0.073025
vt 0.649781 0.073696
vt 0.503304 0.160065
vt 0.516851 0.155272
vt 0.504727 0.147758
vt 0.509419 0.120001
vt 0.552253 0.092123
vt 0.589771 0.049558
vt 0.628768 0.011226
vt 0.630967 0.022532
vt 0.649927 0.073349
vt 0.509162 0.119938
vt 0.504504 0.147454
vt 0.532860 0.083711
vt 0.589478 0.049293
vt 0.628686 0.010623
vt 0.629228 0.010816
vt 0.555995 0.060578
vt 0.571305 0.050390
vt 0.628634 0.010159
vt 0.629066 0.010407
vt 0.542782 0.073234
vt 0.555441 0.060814
vt 0.532637 0.083627
vt 0.576921 0.038559
vt 0.625011 0.001992
vt 0.629127 0.010042
vt 0.572248 0.043348
vt 0.629429 0.010445
vt 0.627814 0.002206
vt 0.919408 0.126426
vt 0.895020 0.126426
vt 0.894835 0.102644
vt 0.917255 0.101540
vt 0.870914 0.126426
vt 0.872427 0.104486
vt 0.895552 0.072603
vt 0.919653 0.069363
vt 0.932234 0.101441
vt 0.930321 0.126426
vt 0.857211 0.126426
vt 0.856722 0.105068
vt 0.873820 0.077689
vt 0.895572 0.043750
vt 0.923257 0.036760
vt 0.938438 0.066400
vt 0.930771 0.126426
vt 0.932680 0.101488
vt 0.856763 0.126426
vt 0.856274 0.105081
vt 0.855239 0.082493
vt 0.871763 0.052197
vt 0.894332 0.024953
vt 0.925327 0.021857
vt 0.947202 0.034879
vt 0.938878 0.066490
vt 0.931027 0.126426
vt 0.932930 0.101507
vt 0.856474 0.126426
vt 0.855999 0.105092
vt 0.854794 0.082557
vt 0.851495 0.061320
vt 0.867890 0.034366
vt 0.925314 0.021408
vt 0.894250 0.024510
vt 0.952998 0.021055
vt 0.947628 0.035021
vt 0.939129 0.066519
vt 0.854497 0.082625
vt 0.851069 0.061477
vt 0.847817 0.052588
vt 0.867689 0.033958
vt 0.953183 0.020587
vt 0.925332 0.021006
vt 0.894210 0.024112
vt 0.953546 0.021052
vt 0.947863 0.035078
vt 0.850774 0.061605
vt 0.847442 0.052858
vt 0.847551 0.052224
vt 0.867583 0.033571
vt 0.953348 0.020177
vt 0.953597 0.020653
vt 0.893427 0.007396
vt 0.927016 0.003159
vt 0.953852 0.020849
vt 0.847133 0.052859
vt 0.847300 0.052503
vt 0.847267 0.051973
vt 0.865322 0.018721
vt 0.940531 0.007365
vt 0.953806 0.020377
vt 0.939814 0.002723
vt 0.847046 0.052388
vt 0.851783 0.038609
vt 0.851913 0.032164
vt 0.943449 0.002599
vt 0.961280 0.001992
vt 0.961631 0.002383
vt 0.838489 0.047206
vt 0.838358 0.046296
vt 0.838694 0.045552
vt 0.849075 0.034645
vt 0.274507 0.260366
vt 0.274851 0.245912
vt 0.308250 0.252779
vt 0.305753 0.268714
vt 0.248476 0.254706
vt 0.247413 0.240306
vt 0.274915 0.230055
vt 0.310167 0.234403
vt 0.341590 0.260938
vt 0.336448 0.279080
vt 0.274755 0.271247
vt 0.304680 0.279830
vt 0.246352 0.225930
vt 0.249246 0.265136
vt 0.274279 0.213882
vt 0.310319 0.215503
vt 0.345511 0.238516
vt 0.371679 0.271573
vt 0.361025 0.293139
vt 0.332159 0.291082
vt 0.274669 0.271691
vt 0.304571 0.280269
vt 0.245291 0.211555
vt 0.249281 0.265606
vt 0.273099 0.198284
vt 0.308015 0.199067
vt 0.346115 0.214128
vt 0.379912 0.243156
vt 0.400154 0.285731
vt 0.382907 0.311948
vt 0.352319 0.306103
vt 0.331947 0.291482
vt 0.274675 0.271959
vt 0.304568 0.280548
vt 0.243978 0.193771
vt 0.249300 0.265870
vt 0.273246 0.189085
vt 0.306979 0.190173
vt 0.340628 0.194591
vt 0.384271 0.206876
vt 0.415122 0.253833
vt 0.420034 0.297655
vt 0.398449 0.328017
vt 0.368188 0.326678
vt 0.352003 0.306430
vt 0.331840 0.291747
vt 0.243044 0.183326
vt 0.273300 0.188638
vt 0.306949 0.189724
vt 0.337024 0.183518
vt 0.369185 0.181069
vt 0.421677 0.215597
vt 0.436838 0.260776
vt 0.443121 0.310252
vt 0.412431 0.350942
vt 0.377563 0.346263
vt 0.367825 0.326952
vt 0.351793 0.306688
vt 0.243003 0.182855
vt 0.273324 0.188371
vt 0.306931 0.189478
vt 0.336834 0.183086
vt 0.354970 0.168225
vt 0.402875 0.179788
vt 0.393555 0.153297
vt 0.428057 0.178645
vt 0.445945 0.219153
vt 0.461166 0.270043
vt 0.443518 0.310465
vt 0.412742 0.351275
vt 0.381424 0.369851
vt 0.377126 0.346452
vt 0.367576 0.327247
vt 0.242981 0.182559
vt 0.336758 0.182860
vt 0.354615 0.167938
vt 0.365338 0.147664
vt 0.419475 0.142830
vt 0.450079 0.175453
vt 0.469990 0.223601
vt 0.461596 0.270179
vt 0.443901 0.310628
vt 0.413027 0.351561
vt 0.381496 0.370418
vt 0.380965 0.370095
vt 0.376798 0.346698
vt 0.347398 0.313144
vt 0.360580 0.338789
vt 0.273416 0.184624
vt 0.242698 0.177789
vt 0.364887 0.147557
vt 0.365256 0.123178
vt 0.383519 0.116756
vt 0.403640 0.106824
vt 0.440975 0.135189
vt 0.472623 0.169759
vt 0.470438 0.223666
vt 0.461996 0.270309
vt 0.417943 0.367278
vt 0.464228 0.318020
vt 0.441367 0.346875
vt 0.428747 0.344825
vt 0.427273 0.357085
vt 0.381399 0.370855
vt 0.381120 0.370512
vt 0.380648 0.370412
vt 0.365638 0.358287
vt 0.364809 0.123238
vt 0.357682 0.092692
vt 0.371056 0.085634
vt 0.384554 0.071604
vt 0.422061 0.098321
vt 0.465307 0.126096
vt 0.473073 0.169733
vt 0.470848 0.223746
vt 0.483906 0.277473
vt 0.368102 0.392816
vt 0.380937 0.370848
vt 0.367307 0.392397
vt 0.357260 0.092856
vt 0.348393 0.073379
vt 0.357193 0.059050
vt 0.395817 0.060441
vt 0.363932 0.040167
vt 0.444843 0.092547
vt 0.465743 0.125947
vt 0.473489 0.169707
vt 0.492965 0.228679
vt 0.367579 0.392818
vt 0.348075 0.073696
vt 0.356786 0.058846
vt 0.348121 0.073025
vt 0.407756 0.049862
vt 0.367334 0.022599
vt 0.363498 0.040055
vt 0.445229 0.092299
vt 0.466156 0.125831
vt 0.495512 0.168357
vt 0.347929 0.073349
vt 0.369089 0.011226
vt 0.408085 0.049558
vt 0.366889 0.022532
vt 0.445607 0.092121
vt 0.481005 0.155272
vt 0.494566 0.160176
vt 0.368628 0.010816
vt 0.369153 0.010605
vt 0.408379 0.049292
vt 0.488438 0.120001
vt 0.464997 0.083711
vt 0.493132 0.147786
vt 0.368782 0.010400
vt 0.369188 0.010144
vt 0.441862 0.060578
vt 0.426551 0.050390
vt 0.488695 0.119938
vt 0.493352 0.147454
vt 0.368428 0.010445
vt 0.368717 0.010040
vt 0.420936 0.038559
vt 0.372846 0.001992
vt 0.425161 0.042889
vt 0.370042 0.002167
vt 0.935407 0.130336
vt 0.933253 0.155221
vt 0.910833 0.154118
vt 0.911019 0.130336
vt 0.946320 0.130336
vt 0.948437 0.155320
vt 0.935651 0.187399
vt 0.911550 0.184159
vt 0.888425 0.152276
vt 0.886912 0.130336
vt 0.946769 0.130336
vt 0.948884 0.155273
vt 0.954306 0.190363
vt 0.939256 0.220002
vt 0.911571 0.213012
vt 0.889819 0.179073
vt 0.872660 0.151694
vt 0.873210 0.130336
vt 0.947025 0.130336
vt 0.949134 0.155255
vt 0.954747 0.190272
vt 0.963198 0.221884
vt 0.941326 0.234903
vt 0.910332 0.231801
vt 0.887761 0.204565
vt 0.871334 0.174268
vt 0.872761 0.130336
vt 0.872212 0.151681
vt 0.954999 0.190242
vt 0.963626 0.221740
vt 0.968989 0.235703
vt 0.941312 0.235354
vt 0.910249 0.232249
vt 0.883905 0.222369
vt 0.867600 0.195444
vt 0.870887 0.174205
vt 0.872472 0.130336
vt 0.871937 0.151670
vt 0.963862 0.221684
vt 0.969541 0.235708
vt 0.969178 0.236174
vt 0.941331 0.235758
vt 0.910208 0.232650
vt 0.883692 0.222796
vt 0.863603 0.204250
vt 0.867170 0.195285
vt 0.870589 0.174136
vt 0.969850 0.235912
vt 0.969593 0.236108
vt 0.969347 0.236584
vt 0.909426 0.249366
vt 0.943015 0.253603
vt 0.883581 0.223191
vt 0.863341 0.204613
vt 0.863232 0.203980
vt 0.866873 0.195157
vt 0.969804 0.236385
vt 0.956530 0.249397
vt 0.881321 0.238040
vt 0.955715 0.254035
vt 0.863061 0.204864
vt 0.863091 0.204335
vt 0.862927 0.203978
vt 0.977636 0.254392
vt 0.977278 0.254770
vt 0.959654 0.254159
vt 0.868065 0.217994
vt 0.867856 0.224470
vt 0.862840 0.204449
vt 0.854701 0.211212
vt 0.854360 0.210464
vt 0.865286 0.221881
vt 0.118353 0.611757
vt 0.108010 0.614956
vt 0.098960 0.556419
vt 0.109494 0.554937
vt 0.126180 0.641522
vt 0.114769 0.645726
vt 0.100496 0.617304
vt 0.091251 0.557503
vt 0.097780 0.490389
vt 0.108456 0.490208
vt 0.128770 0.608559
vt 0.120030 0.553456
vt 0.135112 0.669687
vt 0.123589 0.674519
vt 0.106447 0.649112
vt 0.137632 0.637627
vt 0.089964 0.490520
vt 0.105416 0.416726
vt 0.115942 0.417672
vt 0.119130 0.490026
vt 0.136438 0.606175
vt 0.127745 0.552370
vt 0.136744 0.675408
vt 0.127414 0.679405
vt 0.115213 0.678606
vt 0.146693 0.665415
vt 0.146040 0.635062
vt 0.097704 0.416031
vt 0.117213 0.339405
vt 0.126835 0.340885
vt 0.126461 0.418615
vt 0.126944 0.489892
vt 0.120651 0.682760
vt 0.146203 0.671823
vt 0.155186 0.662864
vt 0.110169 0.338321
vt 0.129248 0.275624
vt 0.138596 0.277264
vt 0.136456 0.342366
vt 0.134155 0.419304
vt 0.153221 0.669633
vt 0.122406 0.274424
vt 0.137362 0.215556
vt 0.147109 0.217049
vt 0.147944 0.278906
vt 0.143498 0.343449
vt 0.130229 0.214463
vt 0.142186 0.159660
vt 0.152531 0.160483
vt 0.156858 0.218543
vt 0.154788 0.280107
vt 0.134615 0.159140
vt 0.140077 0.108514
vt 0.150240 0.107956
vt 0.162877 0.161305
vt 0.163997 0.219637
vt 0.132644 0.108930
vt 0.132043 0.061774
vt 0.143071 0.059792
vt 0.160414 0.107385
vt 0.170453 0.161905
vt 0.123966 0.059991
vt 0.120918 0.010317
vt 0.133336 0.007851
vt 0.154103 0.057803
vt 0.167873 0.106954
vt 0.111830 0.012120
vt 0.120923 0.008570
vt 0.133020 0.006163
vt 0.145759 0.005382
vt 0.162191 0.056297
vt 0.112067 0.010329
vt 0.145119 0.003755
vt 0.154857 0.003573
vt 0.153978 0.001992
vt 0.054051 0.611757
vt 0.043634 0.608559
vt 0.052374 0.553456
vt 0.062910 0.554938
vt 0.046225 0.643818
vt 0.034772 0.639615
vt 0.035967 0.606175
vt 0.044659 0.552371
vt 0.053274 0.490027
vt 0.063949 0.490209
vt 0.064394 0.614956
vt 0.073444 0.556419
vt 0.037277 0.673967
vt 0.025761 0.669151
vt 0.026364 0.636211
vt 0.057636 0.647713
vt 0.045461 0.489892
vt 0.045944 0.418615
vt 0.056462 0.417672
vt 0.074625 0.490389
vt 0.071908 0.617305
vt 0.081154 0.557503
vt 0.035659 0.678885
vt 0.026154 0.674836
vt 0.017275 0.665033
vt 0.048740 0.678196
vt 0.065958 0.650259
vt 0.038250 0.419304
vt 0.035949 0.342366
vt 0.045570 0.340885
vt 0.066989 0.416726
vt 0.082440 0.490521
vt 0.045037 0.682414
vt 0.019137 0.671373
vt 0.057122 0.680718
vt 0.028906 0.343450
vt 0.024460 0.278906
vt 0.033808 0.277264
vt 0.055191 0.339405
vt 0.074700 0.416031
vt 0.051801 0.684498
vt 0.017617 0.280107
vt 0.015546 0.218543
vt 0.025296 0.217050
vt 0.043156 0.275624
vt 0.062235 0.338321
vt 0.008407 0.219638
vt 0.009527 0.161305
vt 0.019874 0.160483
vt 0.035042 0.215556
vt 0.049999 0.274424
vt 0.001951 0.161905
vt 0.011990 0.107386
vt 0.022165 0.107956
vt 0.030218 0.158690
vt 0.042175 0.214463
vt 0.004532 0.106954
vt 0.018302 0.057803
vt 0.029333 0.059792
vt 0.032328 0.108514
vt 0.037790 0.157939
vt 0.010214 0.056298
vt 0.026646 0.005382
vt 0.039069 0.007851
vt 0.040362 0.061775
vt 0.039761 0.108930
vt 0.017548 0.003573
vt 0.027285 0.003756
vt 0.039385 0.006163
vt 0.051487 0.010318
vt 0.048439 0.063198
vt 0.018426 0.001992
vt 0.051482 0.008570
vt 0.060574 0.012120
vt 0.060338 0.010329
vt 0.750975 0.677761
vt 0.748672 0.666536
vt 0.766894 0.663715
vt 0.767892 0.675142
vt 0.750286 0.677723
vt 0.748009 0.666639
vt 0.746972 0.655218
vt 0.766757 0.652155
vt 0.768539 0.674903
vt 0.767565 0.663611
vt 0.752311 0.686032
vt 0.769068 0.683438
vt 0.751607 0.685893
vt 0.746327 0.655464
vt 0.745440 0.646977
vt 0.766683 0.643688
vt 0.767449 0.652194
vt 0.769697 0.683101
vt 0.744809 0.647333
vt 0.767393 0.643843
vt 0.714517 0.674311
vt 0.716217 0.662993
vt 0.734438 0.665813
vt 0.734302 0.677374
vt 0.713872 0.674065
vt 0.715554 0.662890
vt 0.718520 0.651768
vt 0.735437 0.654387
vt 0.734994 0.677329
vt 0.735110 0.665917
vt 0.712985 0.682552
vt 0.734228 0.685840
vt 0.712353 0.682200
vt 0.717831 0.651804
vt 0.719855 0.643496
vt 0.736612 0.646090
vt 0.736084 0.654627
vt 0.734938 0.685678
vt 0.719152 0.643636
vt 0.737242 0.646428
vt 0.098474 0.849155
vt 0.106609 0.857254
vt 0.087360 0.868499
vt 0.107079 0.856959
vt 0.098745 0.848662
vt 0.109579 0.868406
vt 0.087360 0.846190
vt 0.110126 0.868384
vt 0.087360 0.845625
vt 0.106582 0.879620
vt 0.076247 0.849155
vt 0.107067 0.879874
vt 0.075975 0.848662
vt 0.098432 0.887870
vt 0.068120 0.857258
vt 0.098728 0.888347
vt 0.067644 0.856961
vt 0.087360 0.890899
vt 0.065166 0.868406
vt 0.087360 0.891473
vt 0.064602 0.868384
vt 0.076303 0.887846
vt 0.068170 0.879602
vt 0.075997 0.888340
vt 0.067663 0.879869
vt 0.262993 0.923868
vt 0.255003 0.931830
vt 0.244081 0.913106
vt 0.263464 0.924116
vt 0.255273 0.932273
vt 0.244081 0.934744
vt 0.265923 0.913046
vt 0.266463 0.913024
vt 0.244081 0.935259
vt 0.233160 0.931830
vt 0.263030 0.902001
vt 0.263477 0.901720
vt 0.232890 0.932273
vt 0.225165 0.923870
vt 0.255020 0.893813
vt 0.255280 0.893360
vt 0.224697 0.924116
vt 0.222233 0.912995
vt 0.244081 0.890823
vt 0.244081 0.890297
vt 0.221697 0.912972
vt 0.225143 0.902008
vt 0.233154 0.893834
vt 0.232885 0.893365
vt 0.224689 0.901722
vt 0.446508 0.637902
vt 0.454321 0.630095
vt 0.465070 0.648564
vt 0.454071 0.629662
vt 0.446072 0.637656
vt 0.464995 0.627241
vt 0.443670 0.648554
vt 0.464999 0.626738
vt 0.443160 0.648574
vt 0.475658 0.630088
vt 0.446565 0.659221
vt 0.475911 0.629660
vt 0.446124 0.659492
vt 0.483445 0.637878
vt 0.454377 0.667024
vt 0.483860 0.637645
vt 0.454125 0.667481
vt 0.486279 0.648564
vt 0.465010 0.669898
vt 0.486747 0.648571
vt 0.465014 0.670411
vt 0.483471 0.659230
vt 0.475688 0.667044
vt 0.483868 0.659492
vt 0.475939 0.667483
vt 0.055102 0.879102
vt 0.047331 0.887563
vt 0.036233 0.869206
vt 0.055551 0.879352
vt 0.047585 0.887965
vt 0.035812 0.890815
vt 0.058052 0.868307
vt 0.058592 0.868311
vt 0.035805 0.891265
vt 0.024669 0.887179
vt 0.054967 0.857125
vt 0.055429 0.856837
vt 0.024443 0.887570
vt 0.016556 0.879100
vt 0.046818 0.849107
vt 0.047117 0.848622
vt 0.016141 0.879323
vt 0.013634 0.868057
vt 0.035787 0.846191
vt 0.035798 0.845625
vt 0.013122 0.868062
vt 0.016650 0.857114
vt 0.024755 0.849106
vt 0.024478 0.848624
vt 0.016178 0.856835
vt 0.463622 0.584868
vt 0.472627 0.575726
vt 0.484927 0.597357
vt 0.472418 0.575299
vt 0.463235 0.584621
vt 0.484927 0.572380
vt 0.460326 0.597357
vt 0.484961 0.571886
vt 0.459874 0.597357
vt 0.497227 0.575726
vt 0.463622 0.609846
vt 0.497504 0.575299
vt 0.463235 0.610092
vt 0.506232 0.584868
vt 0.472627 0.618988
vt 0.506687 0.584621
vt 0.472418 0.619415
vt 0.509528 0.597357
vt 0.484927 0.622334
vt 0.510048 0.597357
vt 0.484961 0.622828
vt 0.506232 0.609846
vt 0.497227 0.618988
vt 0.506687 0.610092
vt 0.510331 0.597357
vt 0.506944 0.584519
vt 0.497504 0.619415
vt 0.506944 0.610194
vt 0.442295 0.558066
vt 0.450555 0.567252
vt 0.429745 0.579739
vt 0.442568 0.557667
vt 0.451004 0.567006
vt 0.453006 0.579739
vt 0.430585 0.554681
vt 0.453544 0.579739
vt 0.449483 0.592177
vt 0.418563 0.558028
vt 0.451271 0.566901
vt 0.453864 0.579739
vt 0.449961 0.592450
vt 0.440729 0.601282
vt 0.409530 0.567199
vt 0.450258 0.592576
vt 0.441015 0.601758
vt 0.429255 0.604648
vt 0.409212 0.566984
vt 0.418406 0.557650
vt 0.406234 0.579728
vt 0.429283 0.605184
vt 0.417678 0.601355
vt 0.405850 0.579736
vt 0.409253 0.592228
vt 0.417474 0.601794
vt 0.408907 0.592478
vt 0.247032 0.843579
vt 0.255568 0.834829
vt 0.266870 0.854778
vt 0.255248 0.834214
vt 0.246447 0.843234
vt 0.267109 0.831380
vt 0.243820 0.855341
vt 0.267149 0.830658
vt 0.243137 0.855362
vt 0.278756 0.834072
vt 0.246832 0.866916
vt 0.279163 0.833437
vt 0.246258 0.867279
vt 0.287041 0.842500
vt 0.255159 0.875341
vt 0.287713 0.842133
vt 0.254845 0.875974
vt 0.289633 0.854409
vt 0.266489 0.878363
vt 0.290401 0.854415
vt 0.266520 0.879117
vt 0.286786 0.866127
vt 0.278033 0.875031
vt 0.287461 0.866514
vt 0.290817 0.854418
vt 0.288083 0.841980
vt 0.278429 0.875686
vt 0.287832 0.866675
vt 0.233095 0.873582
vt 0.224404 0.882119
vt 0.213093 0.861985
vt 0.233716 0.873987
vt 0.224750 0.882782
vt 0.212769 0.885243
vt 0.236383 0.861918
vt 0.237127 0.861962
vt 0.212769 0.885994
vt 0.201238 0.882190
vt 0.233326 0.850263
vt 0.233992 0.849927
vt 0.224901 0.883133
vt 0.212769 0.886387
vt 0.200883 0.882847
vt 0.192800 0.873831
vt 0.224840 0.841813
vt 0.225242 0.841187
vt 0.192184 0.874231
vt 0.189719 0.862315
vt 0.213237 0.838684
vt 0.213241 0.837956
vt 0.189004 0.862363
vt 0.192889 0.850082
vt 0.201560 0.842001
vt 0.201177 0.841402
vt 0.192244 0.849770
vt 0.829191 0.449554
vt 0.827288 0.439105
vt 0.847719 0.440858
vt 0.826903 0.439054
vt 0.828833 0.449706
vt 0.830764 0.429148
vt 0.836005 0.457672
vt 0.830449 0.428911
vt 0.835773 0.457991
vt 0.838801 0.422331
vt 0.845900 0.461287
vt 0.838639 0.421964
vt 0.845867 0.461689
vt 0.849123 0.420530
vt 0.856216 0.459444
vt 0.849158 0.420112
vt 0.856400 0.459816
vt 0.858870 0.424225
vt 0.864146 0.452668
vt 0.859105 0.423872
vt 0.864499 0.452897
vt 0.865794 0.432308
vt 0.867698 0.442728
vt 0.866175 0.432113
vt 0.859230 0.423678
vt 0.849189 0.419892
vt 0.868120 0.442747
vt 0.363402 0.927932
vt 0.352653 0.925871
vt 0.361452 0.905374
vt 0.363417 0.928346
vt 0.352463 0.926237
vt 0.344290 0.918388
vt 0.374203 0.923608
vt 0.374424 0.923959
vt 0.343951 0.918616
vt 0.340461 0.908017
vt 0.381385 0.915006
vt 0.381749 0.915192
vt 0.340065 0.908055
vt 0.342376 0.897147
vt 0.383351 0.904016
vt 0.383755 0.903999
vt 0.342022 0.896997
vt 0.349555 0.888626
vt 0.379791 0.893205
vt 0.380123 0.892986
vt 0.349326 0.888333
vt 0.359883 0.884259
vt 0.372212 0.886371
vt 0.372356 0.886024
vt 0.359831 0.883892
vt 0.395024 0.620285
vt 0.402889 0.612447
vt 0.413446 0.630979
vt 0.402669 0.612030
vt 0.394624 0.620041
vt 0.413589 0.609570
vt 0.392078 0.630979
vt 0.413608 0.609094
vt 0.391613 0.630979
vt 0.424283 0.612432
vt 0.394941 0.641679
vt 0.424539 0.612023
vt 0.394547 0.641919
vt 0.432068 0.620268
vt 0.402743 0.649521
vt 0.432495 0.620033
vt 0.402526 0.649933
vt 0.434894 0.630979
vt 0.413396 0.652398
vt 0.435383 0.630979
vt 0.413416 0.652869
vt 0.431998 0.641691
vt 0.424146 0.649532
vt 0.432424 0.641926
vt 0.424401 0.649939
vt 0.033869 0.899950
vt 0.041821 0.907919
vt 0.023576 0.918794
vt 0.034134 0.899508
vt 0.042279 0.907660
vt 0.045021 0.918780
vt 0.023250 0.895663
vt 0.023266 0.895175
vt 0.045546 0.918790
vt 0.042563 0.929716
vt 0.012480 0.899165
vt 0.012280 0.898770
vt 0.043007 0.929948
vt 0.034962 0.937748
vt 0.005048 0.907866
vt 0.004710 0.907637
vt 0.024272 0.940718
vt 0.002338 0.918794
vt 0.001951 0.918794
vt 0.013468 0.937789
vt 0.005441 0.929775
vt 0.005120 0.929968
vt 0.013297 0.938141
vt 0.300310 0.843238
vt 0.308874 0.834424
vt 0.320875 0.855307
vt 0.308625 0.833944
vt 0.299881 0.842970
vt 0.320472 0.831237
vt 0.297310 0.855307
vt 0.320495 0.830658
vt 0.296827 0.855313
vt 0.332040 0.834510
vt 0.300517 0.867396
vt 0.332340 0.833978
vt 0.300103 0.867663
vt 0.340521 0.843307
vt 0.309292 0.876231
vt 0.341074 0.842997
vt 0.309063 0.876699
vt 0.343549 0.855307
vt 0.320866 0.879388
vt 0.344182 0.855311
vt 0.320895 0.879982
vt 0.340656 0.867307
vt 0.332351 0.876103
vt 0.341217 0.867628
vt 0.344515 0.855319
vt 0.341366 0.842877
vt 0.332666 0.876655
vt 0.341508 0.867765
vt 0.158558 0.880035
vt 0.150331 0.888056
vt 0.139440 0.868140
vt 0.159007 0.880333
vt 0.150593 0.888550
vt 0.139107 0.890984
vt 0.161562 0.869026
vt 0.162083 0.869069
vt 0.139104 0.891548
vt 0.127884 0.888002
vt 0.158530 0.857792
vt 0.158993 0.857552
vt 0.150729 0.888834
vt 0.139113 0.891872
vt 0.127614 0.888497
vt 0.119673 0.879867
vt 0.150298 0.849413
vt 0.150577 0.848958
vt 0.127492 0.888788
vt 0.119204 0.880166
vt 0.116681 0.868634
vt 0.139108 0.846158
vt 0.139102 0.845625
vt 0.116136 0.868660
vt 0.119702 0.857375
vt 0.127922 0.849091
vt 0.127632 0.848634
vt 0.119222 0.857126
vt 0.622093 0.642548
vt 0.629613 0.650082
vt 0.612479 0.660697
vt 0.630411 0.649629
vt 0.622539 0.641762
vt 0.632373 0.660353
vt 0.611788 0.639793
vt 0.633300 0.660399
vt 0.611778 0.638908
vt 0.629871 0.670896
vt 0.601448 0.642571
vt 0.630642 0.671384
vt 0.601001 0.641846
vt 0.622478 0.678489
vt 0.593803 0.650206
vt 0.622914 0.679263
vt 0.593082 0.649820
vt 0.611745 0.681411
vt 0.590963 0.660666
vt 0.611764 0.682262
vt 0.590166 0.660690
vt 0.601375 0.678757
vt 0.593727 0.671150
vt 0.600967 0.679465
vt 0.593049 0.671562
vt 0.580451 0.669654
vt 0.572783 0.677333
vt 0.562291 0.659128
vt 0.581139 0.670086
vt 0.573173 0.678051
vt 0.562291 0.680152
vt 0.583246 0.659181
vt 0.584050 0.659212
vt 0.562284 0.680970
vt 0.551791 0.677349
vt 0.580411 0.648731
vt 0.581122 0.648349
vt 0.551391 0.678058
vt 0.544118 0.669609
vt 0.572732 0.641062
vt 0.573150 0.640357
vt 0.543425 0.670034
vt 0.541354 0.659063
vt 0.562286 0.638230
vt 0.562280 0.637400
vt 0.540528 0.659097
vt 0.544195 0.648604
vt 0.551855 0.640991
vt 0.551418 0.640282
vt 0.543457 0.648218
vt 0.905186 0.423068
vt 0.912526 0.430375
vt 0.895159 0.440513
vt 0.912944 0.430115
vt 0.905427 0.422632
vt 0.915206 0.440433
vt 0.895159 0.420393
vt 0.915691 0.440415
vt 0.895159 0.419892
vt 0.912502 0.450543
vt 0.885131 0.423068
vt 0.912933 0.450769
vt 0.884891 0.422632
vt 0.905149 0.457978
vt 0.877799 0.430379
vt 0.905412 0.458402
vt 0.877376 0.430116
vt 0.895159 0.460706
vt 0.875134 0.440433
vt 0.895159 0.461216
vt 0.874632 0.440415
vt 0.885181 0.457956
vt 0.877843 0.450527
vt 0.884910 0.458395
vt 0.877393 0.450765
vt 0.960228 0.423241
vt 0.952901 0.430543
vt 0.942886 0.413294
vt 0.960661 0.423471
vt 0.953150 0.430953
vt 0.942886 0.433215
vt 0.962914 0.413318
vt 0.963411 0.413300
vt 0.942886 0.433690
vt 0.932872 0.430543
vt 0.960261 0.403191
vt 0.960673 0.402934
vt 0.932623 0.430953
vt 0.925541 0.423244
vt 0.952920 0.395685
vt 0.953158 0.395267
vt 0.925110 0.423472
vt 0.922859 0.413318
vt 0.942886 0.392942
vt 0.942886 0.392458
vt 0.922362 0.413300
vt 0.925535 0.403205
vt 0.932865 0.395705
vt 0.932619 0.395273
vt 0.925107 0.402938
vt 0.967256 0.440941
vt 0.974352 0.448116
vt 0.957529 0.457839
vt 0.974957 0.447756
vt 0.967592 0.440343
vt 0.976914 0.457872
vt 0.957529 0.438277
vt 0.977636 0.457869
vt 0.957516 0.437601
vt 0.974254 0.467615
vt 0.947775 0.440880
vt 0.974915 0.467973
vt 0.947430 0.440299
vt 0.967179 0.474653
vt 0.940645 0.448024
vt 0.967558 0.475329
vt 0.940048 0.447682
vt 0.957529 0.477248
vt 0.938121 0.457820
vt 0.957518 0.478032
vt 0.937380 0.457816
vt 0.947879 0.474635
vt 0.940794 0.467572
vt 0.947475 0.475314
vt 0.940108 0.467935
vt 0.808555 0.647105
vt 0.816054 0.654607
vt 0.798537 0.663981
vt 0.808889 0.646526
vt 0.816645 0.654276
vt 0.818798 0.664839
vt 0.798301 0.644364
vt 0.798290 0.643688
vt 0.819482 0.664855
vt 0.816041 0.675107
vt 0.788089 0.647147
vt 0.787730 0.646538
vt 0.816642 0.675442
vt 0.808575 0.682567
vt 0.780676 0.654673
vt 0.780041 0.654299
vt 0.808907 0.683174
vt 0.798352 0.685305
vt 0.778001 0.664837
vt 0.777265 0.664859
vt 0.798348 0.686008
vt 0.788172 0.682547
vt 0.780731 0.675047
vt 0.780101 0.675426
vt 0.787807 0.683171
vt 0.228626 0.771852
vt 0.228437 0.777966
vt 0.225827 0.777939
vt 0.226055 0.771374
vt 0.228442 0.784353
vt 0.225827 0.784353
vt 0.223606 0.777940
vt 0.223837 0.771372
vt 0.229671 0.768097
vt 0.227377 0.766611
vt 0.228442 0.792113
vt 0.225827 0.792113
vt 0.223606 0.784353
vt 0.225164 0.766606
vt 0.231562 0.765605
vt 0.229790 0.763378
vt 0.228442 0.793637
vt 0.225827 0.793637
vt 0.223606 0.792113
vt 0.234620 0.763971
vt 0.233274 0.761469
vt 0.225827 0.795161
vt 0.228442 0.795161
vt 0.223606 0.793637
vt 0.237993 0.762967
vt 0.236865 0.760489
vt 0.223606 0.795161
vt 0.225827 0.802921
vt 0.228442 0.802921
vt 0.236997 0.765429
vt 0.233844 0.766457
vt 0.223606 0.802921
vt 0.228437 0.809308
vt 0.225827 0.809335
vt 0.223606 0.809334
vt 0.228626 0.815422
vt 0.226055 0.815900
vt 0.223837 0.815901
vt 0.229671 0.819177
vt 0.227377 0.820663
vt 0.225164 0.820668
vt 0.231562 0.821669
vt 0.229790 0.823896
vt 0.234620 0.823303
vt 0.233274 0.825805
vt 0.237993 0.824307
vt 0.236865 0.826785
vt 0.236997 0.821845
vt 0.233844 0.820817
vt 0.217110 0.771849
vt 0.217309 0.777968
vt 0.214699 0.777998
vt 0.214541 0.772336
vt 0.217309 0.784355
vt 0.214699 0.784355
vt 0.212477 0.777998
vt 0.212324 0.772338
vt 0.216053 0.768088
vt 0.213765 0.769572
vt 0.217230 0.792115
vt 0.214699 0.792115
vt 0.212477 0.784355
vt 0.211555 0.769576
vt 0.213957 0.765597
vt 0.212194 0.767824
vt 0.214699 0.793639
vt 0.217230 0.793639
vt 0.212476 0.792115
vt 0.217309 0.792115
vt 0.210914 0.763968
vt 0.209571 0.766459
vt 0.212476 0.793639
vt 0.217309 0.793639
vt 0.217230 0.795164
vt 0.214699 0.795164
vt 0.207552 0.762965
vt 0.206423 0.765429
vt 0.212476 0.795164
vt 0.217309 0.795164
vt 0.217309 0.802923
vt 0.214699 0.802923
vt 0.206563 0.760489
vt 0.210148 0.761466
vt 0.212477 0.802923
vt 0.217309 0.809311
vt 0.214699 0.809281
vt 0.212477 0.809280
vt 0.217110 0.815429
vt 0.214541 0.814942
vt 0.212324 0.814941
vt 0.216053 0.819190
vt 0.213765 0.817707
vt 0.211555 0.817702
vt 0.213957 0.821681
vt 0.212194 0.819454
vt 0.210914 0.823310
vt 0.209571 0.820820
vt 0.207552 0.824314
vt 0.206423 0.821849
vt 0.206563 0.826789
vt 0.210148 0.825812
vt 0.647320 0.586236
vt 0.647339 0.592471
vt 0.644826 0.592489
vt 0.644829 0.586546
vt 0.646125 0.605253
vt 0.644417 0.605253
vt 0.642520 0.592412
vt 0.642469 0.586428
vt 0.646521 0.581432
vt 0.644235 0.582736
vt 0.646103 0.606671
vt 0.644408 0.606671
vt 0.642697 0.605253
vt 0.644560 0.578344
vt 0.642719 0.580470
vt 0.646125 0.608089
vt 0.644417 0.608089
vt 0.642699 0.606671
vt 0.647339 0.620870
vt 0.644826 0.620852
vt 0.642697 0.608089
vt 0.647320 0.627105
vt 0.644829 0.626795
vt 0.642520 0.620929
vt 0.646521 0.631910
vt 0.644235 0.630605
vt 0.642469 0.626913
vt 0.644560 0.634997
vt 0.642719 0.632871
vt 0.809892 0.356214
vt 0.807994 0.359322
vt 0.805705 0.358020
vt 0.808046 0.354084
vt 0.807109 0.364356
vt 0.804616 0.364049
vt 0.806975 0.370673
vt 0.804465 0.370658
vt 0.806971 0.383607
vt 0.805210 0.383607
vt 0.802177 0.370736
vt 0.802256 0.364167
vt 0.806969 0.385025
vt 0.805220 0.385025
vt 0.803490 0.383607
vt 0.805210 0.386443
vt 0.806971 0.386443
vt 0.803512 0.385025
vt 0.803490 0.386443
vt 0.806975 0.399378
vt 0.804465 0.399393
vt 0.802177 0.399314
vt 0.807109 0.405695
vt 0.804616 0.406002
vt 0.802256 0.405883
vt 0.807994 0.410728
vt 0.805705 0.412031
vt 0.809892 0.413836
vt 0.808046 0.415967
vt 0.863195 0.357823
vt 0.864313 0.356004
vt 0.867788 0.359710
vt 0.865869 0.360697
vt 0.865442 0.354084
vt 0.869721 0.358625
vt 0.869477 0.364805
vt 0.867274 0.364997
vt 0.871696 0.364518
vt 0.869762 0.370521
vt 0.867551 0.370480
vt 0.871988 0.370468
vt 0.869247 0.384840
vt 0.867458 0.384807
vt 0.871048 0.384797
vt 0.867592 0.399154
vt 0.869802 0.399195
vt 0.872028 0.399142
vt 0.867329 0.404638
vt 0.869533 0.404912
vt 0.871753 0.405094
vt 0.865936 0.408942
vt 0.867858 0.410012
vt 0.869795 0.410992
vt 0.863270 0.411822
vt 0.864394 0.413727
vt 0.865528 0.415545
vt 0.859205 0.413344
vt 0.859468 0.415587
vt 0.853788 0.413657
vt 0.853788 0.415932
vt 0.834845 0.413682
vt 0.834845 0.415957
vt 0.815902 0.415982
vt 0.815902 0.413707
vt 0.728486 0.510287
vt 0.729605 0.512107
vt 0.726126 0.515816
vt 0.724206 0.514829
vt 0.730728 0.514018
vt 0.728050 0.516896
vt 0.724435 0.520916
vt 0.722231 0.520724
vt 0.726643 0.521201
vt 0.724151 0.526633
vt 0.721939 0.526675
vt 0.726365 0.526686
vt 0.724671 0.540988
vt 0.722881 0.541022
vt 0.726463 0.541031
vt 0.721899 0.555349
vt 0.724111 0.555308
vt 0.726325 0.555360
vt 0.722174 0.561300
vt 0.724379 0.561025
vt 0.726587 0.560845
vt 0.724132 0.567200
vt 0.726056 0.566128
vt 0.727982 0.565154
vt 0.728400 0.571753
vt 0.729524 0.569847
vt 0.730653 0.568039
vt 0.734190 0.573953
vt 0.734453 0.571708
vt 0.740135 0.574330
vt 0.740135 0.572054
vt 0.759078 0.574355
vt 0.759078 0.572079
vt 0.778021 0.572104
vt 0.778021 0.574380
vt 0.778196 0.582024
vt 0.775424 0.584905
vt 0.773549 0.583923
vt 0.777100 0.580208
vt 0.773789 0.589210
vt 0.771604 0.589024
vt 0.771661 0.582843
vt 0.775979 0.578290
vt 0.773118 0.594696
vt 0.770884 0.594743
vt 0.769407 0.588743
vt 0.772449 0.609037
vt 0.770214 0.609084
vt 0.768646 0.594696
vt 0.773158 0.623370
vt 0.770924 0.623418
vt 0.767977 0.609037
vt 0.773844 0.628851
vt 0.771661 0.629132
vt 0.768686 0.623371
vt 0.775491 0.633150
vt 0.773619 0.634226
vt 0.769464 0.629318
vt 0.778271 0.636023
vt 0.777181 0.637931
vt 0.771734 0.635211
vt 0.782380 0.637534
vt 0.782117 0.639778
vt 0.776065 0.639751
vt 0.861686 0.258680
vt 0.866005 0.263234
vt 0.864118 0.264216
vt 0.860561 0.260497
vt 0.868258 0.269135
vt 0.866065 0.269321
vt 0.862251 0.265291
vt 0.859474 0.262405
vt 0.869019 0.275088
vt 0.866784 0.275041
vt 0.863888 0.269601
vt 0.869689 0.289429
vt 0.867453 0.289382
vt 0.864559 0.275088
vt 0.868979 0.303763
vt 0.866744 0.303715
vt 0.865228 0.289429
vt 0.868202 0.309711
vt 0.866009 0.309430
vt 0.864519 0.303762
vt 0.865932 0.315604
vt 0.864047 0.314528
vt 0.863833 0.309245
vt 0.861600 0.320146
vt 0.860480 0.318237
vt 0.862184 0.313549
vt 0.855804 0.322330
vt 0.855541 0.320085
vt 0.859398 0.316426
vt 0.603939 0.574434
vt 0.604320 0.572518
vt 0.643760 0.572518
vt 0.644141 0.574434
vt 0.598250 0.572077
vt 0.599716 0.570611
vt 0.650271 0.518713
vt 0.650271 0.566007
vt 0.648364 0.570611
vt 0.597809 0.566007
vt 0.597809 0.518713
vt 0.599716 0.514109
vt 0.604320 0.512202
vt 0.643760 0.512202
vt 0.648364 0.514109
vt 0.649830 0.572077
vt 0.595894 0.566388
vt 0.652186 0.566388
vt 0.652186 0.518332
vt 0.595894 0.518332
vt 0.598250 0.512643
vt 0.603939 0.510287
vt 0.644141 0.510287
vt 0.649830 0.512643
vt 0.658896 0.518332
vt 0.660812 0.518713
vt 0.660812 0.566007
vt 0.658896 0.566388
vt 0.661253 0.512643
vt 0.662719 0.514109
vt 0.711366 0.570611
vt 0.706762 0.572518
vt 0.667323 0.572518
vt 0.662719 0.570611
vt 0.667323 0.512202
vt 0.706762 0.512202
vt 0.711366 0.514109
vt 0.713273 0.518713
vt 0.713273 0.566007
vt 0.661253 0.572077
vt 0.666942 0.510287
vt 0.707143 0.574434
vt 0.712832 0.572077
vt 0.666942 0.574434
vt 0.707143 0.510287
vt 0.712832 0.512643
vt 0.715189 0.518332
vt 0.715189 0.566388
vt 0.420632 0.507431
vt 0.424858 0.511590
vt 0.414860 0.517271
vt 0.429158 0.492796
vt 0.439625 0.503098
vt 0.426405 0.517271
vt 0.414860 0.505909
vt 0.443835 0.501374
vt 0.431589 0.489321
vt 0.443456 0.517171
vt 0.414860 0.489026
vt 0.424858 0.522953
vt 0.409088 0.507431
vt 0.414860 0.484909
vt 0.439625 0.531244
vt 0.400562 0.492796
vt 0.420632 0.527112
vt 0.404863 0.511590
vt 0.398132 0.489321
vt 0.429158 0.541546
vt 0.390095 0.503098
vt 0.414860 0.528634
vt 0.403316 0.517271
vt 0.385885 0.501374
vt 0.431589 0.546359
vt 0.443835 0.534305
vt 0.414860 0.545317
vt 0.386264 0.517171
vt 0.409088 0.527112
vt 0.404863 0.522953
vt 0.414860 0.550771
vt 0.400562 0.541546
vt 0.390095 0.531244
vt 0.398132 0.546359
vt 0.385885 0.534305
vt 0.745553 0.583431
vt 0.756174 0.594223
vt 0.730933 0.608811
vt 0.746188 0.582446
vt 0.757220 0.593654
vt 0.760062 0.608965
vt 0.731043 0.579481
vt 0.731119 0.578344
vt 0.761258 0.608965
vt 0.756174 0.623707
vt 0.716533 0.583431
vt 0.716050 0.582446
vt 0.757860 0.593390
vt 0.761967 0.608965
vt 0.757220 0.624276
vt 0.745553 0.634499
vt 0.705911 0.594223
vt 0.705018 0.593654
vt 0.757860 0.624540
vt 0.746188 0.635484
vt 0.731043 0.638449
vt 0.702023 0.608965
vt 0.700980 0.608965
vt 0.731119 0.639586
vt 0.716533 0.634499
vt 0.705911 0.623707
vt 0.705018 0.624276
vt 0.716050 0.635484
vt 0.546622 0.519341
vt 0.546051 0.519655
vt 0.534596 0.508018
vt 0.534941 0.507473
vt 0.550897 0.535552
vt 0.550243 0.535552
vt 0.544757 0.520426
vt 0.533858 0.509353
vt 0.518950 0.503758
vt 0.518984 0.503129
vt 0.546977 0.519191
vt 0.551292 0.535552
vt 0.546622 0.551764
vt 0.546051 0.551450
vt 0.548746 0.535552
vt 0.544399 0.520623
vt 0.533642 0.509694
vt 0.518970 0.505300
vt 0.503303 0.508018
vt 0.503028 0.507473
vt 0.546977 0.551913
vt 0.534941 0.563632
vt 0.534596 0.563087
vt 0.544757 0.550679
vt 0.548336 0.535552
vt 0.518948 0.505694
vt 0.504082 0.509353
vt 0.491848 0.519655
vt 0.491347 0.519341
vt 0.518984 0.567976
vt 0.518950 0.567347
vt 0.533858 0.561752
vt 0.544399 0.550482
vt 0.544177 0.520717
vt 0.548089 0.535552
vt 0.504254 0.509694
vt 0.493183 0.520426
vt 0.487656 0.535552
vt 0.487071 0.535552
vt 0.503028 0.563632
vt 0.503303 0.563087
vt 0.518970 0.565805
vt 0.533642 0.561410
vt 0.544177 0.550388
vt 0.493497 0.520623
vt 0.489194 0.535552
vt 0.491848 0.551450
vt 0.491347 0.551764
vt 0.504082 0.561752
vt 0.518948 0.565411
vt 0.489560 0.535552
vt 0.493183 0.550679
vt 0.504254 0.561410
vt 0.493497 0.550482
vt 0.789564 0.302532
vt 0.789115 0.302239
vt 0.800628 0.290542
vt 0.800865 0.291049
vt 0.785427 0.318217
vt 0.784902 0.318217
vt 0.816355 0.286261
vt 0.816304 0.286846
vt 0.801603 0.292383
vt 0.790856 0.303302
vt 0.786922 0.318217
vt 0.789564 0.333903
vt 0.789115 0.334195
vt 0.832082 0.290542
vt 0.831742 0.291049
vt 0.816283 0.288386
vt 0.791137 0.303485
vt 0.801751 0.292701
vt 0.787252 0.318217
vt 0.790856 0.333133
vt 0.800865 0.345385
vt 0.800628 0.345892
vt 0.843594 0.302239
vt 0.843044 0.302532
vt 0.830964 0.292383
vt 0.816251 0.288753
vt 0.791137 0.332949
vt 0.801603 0.344052
vt 0.816304 0.349588
vt 0.816355 0.350174
vt 0.847808 0.318217
vt 0.847181 0.318217
vt 0.841711 0.303302
vt 0.830751 0.292701
vt 0.801751 0.343734
vt 0.816283 0.348048
vt 0.831742 0.345385
vt 0.832082 0.345892
vt 0.843594 0.334195
vt 0.843044 0.333903
vt 0.845645 0.318217
vt 0.841366 0.303485
vt 0.816251 0.347681
vt 0.830964 0.344052
vt 0.841711 0.333133
vt 0.845251 0.318217
vt 0.830751 0.343734
vt 0.841366 0.332949
vt 0.594362 0.729095
vt 0.594086 0.727353
vt 0.595586 0.727364
vt 0.594907 0.729229
vt 0.593985 0.730951
vt 0.594828 0.731153
vt 0.498870 0.717219
vt 0.500154 0.715571
vt 0.500403 0.716039
vt 0.499030 0.717406
vt 0.500793 0.716796
vt 0.499222 0.717715
vt 0.496617 0.716854
vt 0.496886 0.717362
vt 0.501356 0.717919
vt 0.499634 0.718506
vt 0.497288 0.718125
vt 0.501947 0.719163
vt 0.500111 0.719473
vt 0.497834 0.719203
vt 0.498377 0.720332
vt 0.500459 0.720287
vt 0.498746 0.721225
vt 0.540420 0.727533
vt 0.541305 0.725813
vt 0.541467 0.725911
vt 0.540613 0.727608
vt 0.541592 0.726042
vt 0.540745 0.727736
vt 0.538742 0.727205
vt 0.538619 0.727602
vt 0.538701 0.728193
vt 0.540953 0.728076
vt 0.538992 0.728915
vt 0.541327 0.728547
vt 0.539513 0.729678
vt 0.541866 0.729022
vt 0.540283 0.730394
vt 0.542296 0.729211
vt 0.541210 0.730916
vt 0.542501 0.727112
vt 0.542778 0.727207
vt 0.611690 0.727353
vt 0.612171 0.729358
vt 0.611614 0.729727
vt 0.611167 0.727699
vt 0.488332 0.721311
vt 0.486296 0.720794
vt 0.485873 0.718616
vt 0.487775 0.718158
vt 0.485162 0.716980
vt 0.486684 0.715571
vt 0.489912 0.720763
vt 0.489699 0.717935
vt 0.426603 0.700010
vt 0.428202 0.700848
vt 0.427366 0.702540
vt 0.425617 0.702031
vt 0.427620 0.697813
vt 0.429021 0.699138
vt 0.426645 0.704081
vt 0.424781 0.703822
vt 0.424659 0.699493
vt 0.423813 0.701240
vt 0.428180 0.696498
vt 0.429491 0.698056
vt 0.425454 0.697789
vt 0.423044 0.702897
vt 0.424168 0.705337
vt 0.422452 0.704366
vt 0.423885 0.706484
vt 0.422159 0.705533
vt 0.464030 0.717596
vt 0.463302 0.715652
vt 0.464577 0.714890
vt 0.465161 0.716937
vt 0.466904 0.714361
vt 0.467276 0.716435
vt 0.465635 0.718933
vt 0.466227 0.718606
vt 0.466890 0.718554
vt 0.465102 0.719440
vt 0.463242 0.718343
vt 0.464674 0.720054
vt 0.462655 0.719248
vt 0.464397 0.720696
vt 0.462299 0.720275
vt 0.464305 0.721289
vt 0.462252 0.721334
vt 0.563835 0.726467
vt 0.564881 0.727782
vt 0.563537 0.728260
vt 0.563972 0.725857
vt 0.565497 0.727715
vt 0.564484 0.729374
vt 0.562323 0.727165
vt 0.561791 0.726784
vt 0.564961 0.729840
vt 0.563494 0.729571
vt 0.562128 0.728572
vt 0.561529 0.728874
vt 0.563329 0.730254
vt 0.602152 0.728030
vt 0.603341 0.728058
vt 0.602869 0.729041
vt 0.603712 0.727404
vt 0.601889 0.727353
vt 0.603820 0.729073
vt 0.601621 0.729007
vt 0.604635 0.729068
vt 0.603353 0.730147
vt 0.602254 0.730131
vt 0.603824 0.730760
vt 0.602010 0.730762
vt 0.299486 0.821728
vt 0.299964 0.824299
vt 0.293399 0.824526
vt 0.293371 0.821917
vt 0.303241 0.820683
vt 0.304727 0.822977
vt 0.299965 0.826517
vt 0.293398 0.826748
vt 0.286985 0.824526
vt 0.286985 0.821912
vt 0.305733 0.818791
vt 0.307960 0.820563
vt 0.304732 0.825190
vt 0.286985 0.826748
vt 0.279225 0.824526
vt 0.279225 0.821911
vt 0.307349 0.815734
vt 0.309862 0.817080
vt 0.279225 0.826748
vt 0.277701 0.824526
vt 0.277701 0.821911
vt 0.308167 0.812361
vt 0.310705 0.813489
vt 0.277701 0.826748
vt 0.276177 0.824526
vt 0.276177 0.821911
vt 0.308264 0.809020
vt 0.310789 0.810083
vt 0.305638 0.813357
vt 0.304846 0.816509
vt 0.276177 0.826748
vt 0.268417 0.824526
vt 0.268417 0.821912
vt 0.305747 0.810085
vt 0.268417 0.826748
vt 0.262030 0.821917
vt 0.262003 0.824526
vt 0.262004 0.826748
vt 0.255915 0.821728
vt 0.255438 0.824299
vt 0.255436 0.826517
vt 0.252161 0.820683
vt 0.250675 0.822977
vt 0.250670 0.825190
vt 0.249669 0.818791
vt 0.247442 0.820563
vt 0.248053 0.815734
vt 0.245539 0.817080
vt 0.247235 0.812361
vt 0.244696 0.813489
vt 0.249764 0.813357
vt 0.250556 0.816509
vt 0.247138 0.809020
vt 0.244613 0.810083
vt 0.249655 0.810085
vt 0.244607 0.769354
vt 0.247135 0.768280
vt 0.249659 0.769369
vt 0.247261 0.764264
vt 0.249744 0.765447
vt 0.247801 0.760489
vt 0.250211 0.761918
vt 0.244703 0.765283
vt 0.245235 0.761371
vt 0.317354 0.496205
vt 0.319923 0.496692
vt 0.319765 0.502354
vt 0.317155 0.502324
vt 0.318411 0.492444
vt 0.320699 0.493928
vt 0.322140 0.496694
vt 0.321987 0.502354
vt 0.319765 0.508711
vt 0.317155 0.508711
vt 0.320506 0.489953
vt 0.322270 0.492180
vt 0.322909 0.493932
vt 0.321987 0.508711
vt 0.317234 0.516471
vt 0.319765 0.516471
vt 0.323550 0.488344
vt 0.324892 0.490850
vt 0.321987 0.516471
vt 0.317155 0.516471
vt 0.319765 0.517995
vt 0.317234 0.517995
vt 0.326912 0.487533
vt 0.328041 0.490062
vt 0.321987 0.517995
vt 0.317155 0.517995
vt 0.319765 0.519520
vt 0.317234 0.519520
vt 0.330252 0.487442
vt 0.331312 0.489957
vt 0.327901 0.484991
vt 0.324316 0.485831
vt 0.321987 0.519520
vt 0.317155 0.519520
vt 0.319765 0.527279
vt 0.317155 0.527279
vt 0.331306 0.484909
vt 0.321987 0.527279
vt 0.317155 0.533667
vt 0.319765 0.533637
vt 0.321987 0.533636
vt 0.317354 0.539785
vt 0.319923 0.539298
vt 0.322140 0.539297
vt 0.318411 0.543546
vt 0.320699 0.542063
vt 0.322909 0.542058
vt 0.320506 0.546037
vt 0.322270 0.543810
vt 0.323550 0.547647
vt 0.324892 0.545140
vt 0.326912 0.548457
vt 0.328041 0.545929
vt 0.327901 0.550999
vt 0.324316 0.550159
vt 0.330252 0.548549
vt 0.331312 0.546033
vt 0.331306 0.551081
vt 0.371974 0.546044
vt 0.370889 0.548562
vt 0.371986 0.551084
vt 0.374825 0.548579
vt 0.376014 0.551060
vt 0.378390 0.548203
vt 0.379825 0.550611
vt 0.375855 0.546029
vt 0.379280 0.545643
vt 0.631607 0.586236
vt 0.634099 0.586546
vt 0.634086 0.592489
vt 0.631547 0.592471
vt 0.632406 0.581432
vt 0.634692 0.582736
vt 0.636459 0.586428
vt 0.636411 0.592412
vt 0.633930 0.605253
vt 0.631538 0.605253
vt 0.634368 0.578344
vt 0.636208 0.580481
vt 0.636339 0.605253
vt 0.631538 0.608089
vt 0.633930 0.608089
vt 0.636339 0.608089
vt 0.631547 0.620870
vt 0.634086 0.620852
vt 0.636411 0.620929
vt 0.631607 0.627105
vt 0.634099 0.626795
vt 0.636459 0.626913
vt 0.632406 0.631910
vt 0.634692 0.630605
vt 0.634368 0.634997
vt 0.636208 0.632860
vt 0.788390 0.356219
vt 0.790236 0.354084
vt 0.792577 0.358020
vt 0.790288 0.359322
vt 0.793666 0.364049
vt 0.791173 0.364356
vt 0.793842 0.370658
vt 0.791304 0.370673
vt 0.796026 0.364167
vt 0.796167 0.370736
vt 0.793686 0.383607
vt 0.791219 0.383607
vt 0.796095 0.383607
vt 0.793686 0.386443
vt 0.791219 0.386443
vt 0.796095 0.386443
vt 0.791304 0.399378
vt 0.793842 0.399393
vt 0.796167 0.399314
vt 0.791173 0.405695
vt 0.793666 0.406002
vt 0.796026 0.405883
vt 0.790288 0.410728
vt 0.792577 0.412031
vt 0.788390 0.413832
vt 0.790236 0.415967
vt 0.694951 0.637535
vt 0.694500 0.637679
vt 0.694500 0.587541
vt 0.694949 0.587697
vt 0.694949 0.638060
vt 0.694500 0.638202
vt 0.694050 0.637538
vt 0.694052 0.587697
vt 0.694500 0.578361
vt 0.694970 0.578344
vt 0.694052 0.638061
vt 0.694052 0.578368
vt 0.549269 0.472272
vt 0.549717 0.472246
vt 0.549717 0.498984
vt 0.549269 0.498988
vt 0.549269 0.443787
vt 0.549717 0.443760
vt 0.550166 0.472272
vt 0.550166 0.498988
vt 0.536119 0.499219
vt 0.536106 0.473844
vt 0.549269 0.417775
vt 0.549717 0.417793
vt 0.550166 0.443787
vt 0.536093 0.443951
vt 0.563327 0.473844
vt 0.563316 0.499219
vt 0.549269 0.401121
vt 0.549717 0.401190
vt 0.550166 0.417775
vt 0.536081 0.416680
vt 0.563340 0.443950
vt 0.550166 0.401121
vt 0.536008 0.396726
vt 0.563354 0.416680
vt 0.563427 0.396726
vt 0.831340 0.107569
vt 0.831473 0.108041
vt 0.818175 0.126035
vt 0.818201 0.125215
vt 0.817733 0.125454
vt 0.817733 0.126251
vt 0.820277 0.093330
vt 0.831317 0.093340
vt 0.817733 0.093330
vt 0.818153 0.126426
vt 0.817733 0.126627
vt 0.817296 0.126048
vt 0.817275 0.125251
vt 0.821107 0.062136
vt 0.831330 0.061899
vt 0.815190 0.093330
vt 0.817733 0.062140
vt 0.817313 0.126426
vt 0.803993 0.108041
vt 0.804126 0.107569
vt 0.822747 0.026911
vt 0.831329 0.026911
vt 0.804150 0.093340
vt 0.814360 0.062136
vt 0.817733 0.026911
vt 0.824479 0.001992
vt 0.831335 0.001992
vt 0.804137 0.061899
vt 0.812719 0.026911
vt 0.817733 0.001992
vt 0.804138 0.026911
vt 0.810988 0.001992
vt 0.804132 0.001992
vt 0.515348 0.408490
vt 0.515333 0.409399
vt 0.502512 0.414977
vt 0.502466 0.414506
vt 0.516160 0.409233
vt 0.516159 0.408329
vt 0.515711 0.426911
vt 0.502469 0.423798
vt 0.516160 0.426960
vt 0.515362 0.407743
vt 0.516159 0.407584
vt 0.516969 0.408489
vt 0.516987 0.409399
vt 0.515711 0.446768
vt 0.502492 0.444818
vt 0.516609 0.426911
vt 0.516160 0.446799
vt 0.515501 0.397074
vt 0.516159 0.396726
vt 0.516952 0.407745
vt 0.515711 0.467507
vt 0.502532 0.467285
vt 0.529997 0.415052
vt 0.529851 0.423798
vt 0.516609 0.446768
vt 0.516160 0.467511
vt 0.516605 0.396838
vt 0.515711 0.488619
vt 0.502513 0.488619
vt 0.529829 0.444818
vt 0.516609 0.467507
vt 0.516160 0.488619
vt 0.529788 0.467285
vt 0.516609 0.488619
vt 0.529807 0.488619
vt 0.840865 0.194545
vt 0.840865 0.161260
vt 0.847969 0.161168
vt 0.847942 0.194775
vt 0.834352 0.161262
vt 0.834352 0.194541
vt 0.840865 0.224621
vt 0.847919 0.224603
vt 0.834352 0.130537
vt 0.840865 0.130542
vt 0.834352 0.224622
vt 0.827839 0.161260
vt 0.827839 0.194545
vt 0.848342 0.224677
vt 0.848350 0.194793
vt 0.840865 0.241408
vt 0.847908 0.242292
vt 0.827839 0.130542
vt 0.834352 0.241393
vt 0.827839 0.224621
vt 0.820762 0.194775
vt 0.820735 0.161168
vt 0.848337 0.242459
vt 0.827839 0.241408
vt 0.820785 0.224603
vt 0.820796 0.242292
vt 0.820362 0.224678
vt 0.820367 0.242459
vt 0.622957 0.581166
vt 0.620422 0.581148
vt 0.620395 0.578344
vt 0.622953 0.578361
vt 0.622966 0.629394
vt 0.622518 0.629238
vt 0.625528 0.578344
vt 0.625489 0.581148
vt 0.623415 0.629238
vt 0.622966 0.633398
vt 0.622518 0.633463
vt 0.623415 0.633911
vt 0.530112 0.655591
vt 0.522440 0.662355
vt 0.512805 0.645388
vt 0.512341 0.664793
vt 0.533283 0.646213
vt 0.525040 0.667676
vt 0.512656 0.670771
vt 0.502443 0.662308
vt 0.531001 0.636708
vt 0.500442 0.667745
vt 0.495296 0.655544
vt 0.523804 0.629691
vt 0.492799 0.646214
vt 0.513641 0.627130
vt 0.495705 0.636756
vt 0.503329 0.629737
vt 0.396533 0.567090
vt 0.395028 0.567810
vt 0.386643 0.559572
vt 0.387509 0.558233
vt 0.399840 0.579187
vt 0.398102 0.579055
vt 0.375181 0.579055
vt 0.375181 0.556560
vt 0.375181 0.554994
vt 0.396538 0.591287
vt 0.395029 0.590300
vt 0.363721 0.559575
vt 0.362854 0.558234
vt 0.387512 0.600146
vt 0.386639 0.598529
vt 0.355335 0.567810
vt 0.353829 0.567090
vt 0.375181 0.603388
vt 0.375181 0.601540
vt 0.352267 0.579055
vt 0.350525 0.579187
vt 0.362851 0.600145
vt 0.363726 0.598526
vt 0.375181 0.604355
vt 0.387842 0.601024
vt 0.355339 0.590297
vt 0.353826 0.591286
vt 0.362521 0.601024
vt 0.141232 0.907427
vt 0.149151 0.899405
vt 0.159905 0.918385
vt 0.148855 0.898808
vt 0.140686 0.907082
vt 0.159898 0.896476
vt 0.138330 0.918385
vt 0.159941 0.895782
vt 0.137693 0.918385
vt 0.170728 0.899416
vt 0.141232 0.929343
vt 0.171116 0.898812
vt 0.140687 0.929688
vt 0.178611 0.907434
vt 0.149155 0.937359
vt 0.179250 0.907085
vt 0.148856 0.937961
vt 0.181329 0.918385
vt 0.159898 0.940289
vt 0.182065 0.918385
vt 0.159941 0.940986
vt 0.178596 0.929327
vt 0.170727 0.937352
vt 0.179246 0.929683
vt 0.182461 0.918385
vt 0.179603 0.906940
vt 0.171115 0.937958
vt 0.179603 0.929830
vt 0.127747 0.929611
vt 0.119726 0.937568
vt 0.108757 0.918550
vt 0.128339 0.929995
vt 0.120064 0.938194
vt 0.108757 0.940474
vt 0.130656 0.918659
vt 0.131359 0.918705
vt 0.108757 0.941189
vt 0.097786 0.937569
vt 0.127694 0.907605
vt 0.128318 0.907293
vt 0.097448 0.938194
vt 0.089757 0.929617
vt 0.119669 0.899534
vt 0.120043 0.898944
vt 0.089171 0.929997
vt 0.086827 0.918659
vt 0.108757 0.896472
vt 0.108757 0.895782
vt 0.086146 0.918705
vt 0.089792 0.907590
vt 0.097829 0.899507
vt 0.097466 0.898936
vt 0.089187 0.907288
vt 0.339218 0.979384
vt 0.344917 0.985828
vt 0.332429 0.985987
vt 0.338147 0.979511
vt 0.338772 0.979157
vt 0.338324 0.965941
vt 0.338773 0.965735
vt 0.339221 0.965941
vt 0.438124 0.692588
vt 0.423658 0.692495
vt 0.430241 0.679875
vt 0.430689 0.679537
vt 0.431138 0.679875
vt 0.430241 0.657013
vt 0.430689 0.656779
vt 0.431138 0.657013
vt 0.365081 0.974992
vt 0.351520 0.983044
vt 0.351520 0.965735
vt 0.365068 0.974094
vt 0.365351 0.974543
vt 0.473707 0.721132
vt 0.473707 0.714361
vt 0.478349 0.717333
vt 0.478558 0.717771
vt 0.478345 0.718209
vt 0.140101 0.974551
vt 0.140459 0.986045
vt 0.125161 0.986045
vt 0.124879 0.974744
vt 0.140658 0.974661
vt 0.141013 0.986045
vt 0.139388 0.997540
vt 0.124879 0.997347
vt 0.124329 0.974854
vt 0.124609 0.986045
vt 0.139944 0.997430
vt 0.124329 0.997237
vt 0.147835 0.997471
vt 0.148346 0.985976
vt 0.165344 0.985976
vt 0.165848 0.997278
vt 0.147239 0.997340
vt 0.147753 0.985976
vt 0.148947 0.974481
vt 0.165848 0.974674
vt 0.166370 0.997172
vt 0.165863 0.985976
vt 0.148351 0.974608
vt 0.166370 0.974777
vt 0.115811 0.975010
vt 0.115741 0.986051
vt 0.103006 0.986410
vt 0.103130 0.974548
vt 0.116335 0.975098
vt 0.116261 0.986016
vt 0.116964 0.997081
vt 0.101950 0.997846
vt 0.102611 0.974654
vt 0.102488 0.986434
vt 0.117471 0.996935
vt 0.101419 0.997796
vt 0.048757 0.974049
vt 0.059784 0.976505
vt 0.059400 0.996597
vt 0.047962 0.996195
vt 0.048883 0.973536
vt 0.059803 0.975981
vt 0.070813 0.975319
vt 0.070832 0.996210
vt 0.048056 0.996733
vt 0.059376 0.997132
vt 0.070729 0.974792
vt 0.070694 0.996740
vt 0.195024 0.944896
vt 0.194429 0.957734
vt 0.175339 0.957734
vt 0.178610 0.944896
vt 0.195524 0.944998
vt 0.194933 0.957734
vt 0.195024 0.970571
vt 0.175304 0.970571
vt 0.195524 0.970469
vt 0.160448 0.970571
vt 0.159853 0.957734
vt 0.166396 0.957734
vt 0.168786 0.970571
vt 0.160448 0.944896
vt 0.168034 0.944896
vt 0.169294 0.970473
vt 0.166900 0.957731
vt 0.168528 0.944979
vt 0.028601 0.944628
vt 0.028705 0.956907
vt 0.011157 0.956934
vt 0.011404 0.944802
vt 0.029321 0.944769
vt 0.029427 0.956897
vt 0.029262 0.968963
vt 0.011651 0.968963
vt 0.030002 0.968814
vt 0.010502 0.956934
vt 0.010989 0.968819
vt 0.230500 0.939169
vt 0.242757 0.939712
vt 0.242268 0.964975
vt 0.230034 0.963766
vt 0.255194 0.942039
vt 0.254440 0.964597
vt 0.230184 0.964482
vt 0.242248 0.965671
vt 0.254249 0.965286
vt 0.224930 0.990968
vt 0.223691 0.980785
vt 0.241958 0.980799
vt 0.242481 0.991430
vt 0.224535 0.990871
vt 0.223295 0.980778
vt 0.222088 0.970148
vt 0.239641 0.969581
vt 0.242854 0.991337
vt 0.242330 0.980776
vt 0.221697 0.970244
vt 0.240099 0.969718
vt 0.079003 0.969626
vt 0.068963 0.967676
vt 0.069689 0.945287
vt 0.080781 0.947027
vt 0.058353 0.965567
vt 0.058415 0.945140
vt 0.080710 0.946624
vt 0.069698 0.944881
vt 0.068932 0.968035
vt 0.058412 0.965928
vt 0.058505 0.944741
vt 0.223821 0.963958
vt 0.212778 0.964642
vt 0.212778 0.942142
vt 0.224024 0.939792
vt 0.223716 0.964453
vt 0.212778 0.965135
vt 0.201734 0.964708
vt 0.201534 0.946120
vt 0.223912 0.939339
vt 0.212783 0.941665
vt 0.201838 0.965199
vt 0.201624 0.945630
vt 0.199239 0.996773
vt 0.199376 0.985724
vt 0.211512 0.985724
vt 0.211035 0.996966
vt 0.198787 0.996671
vt 0.198924 0.985724
vt 0.199992 0.974679
vt 0.214376 0.974481
vt 0.211535 0.996898
vt 0.212016 0.985724
vt 0.199533 0.974779
vt 0.214880 0.974567
vt 0.051757 0.944741
vt 0.049800 0.957173
vt 0.036012 0.957481
vt 0.036821 0.945865
vt 0.052343 0.944817
vt 0.050389 0.957160
vt 0.049715 0.969602
vt 0.036441 0.969103
vt 0.050293 0.969510
vt 0.289521 0.934276
vt 0.301967 0.932546
vt 0.301645 0.959464
vt 0.290043 0.960135
vt 0.314409 0.934184
vt 0.313248 0.957740
vt 0.290171 0.960687
vt 0.301641 0.960021
vt 0.313116 0.958297
vt 0.342370 0.960562
vt 0.331395 0.959587
vt 0.331653 0.933271
vt 0.342695 0.933417
vt 0.342143 0.961392
vt 0.331382 0.960426
vt 0.320419 0.957945
vt 0.320612 0.933414
vt 0.342561 0.932638
vt 0.331672 0.932499
vt 0.320605 0.958796
vt 0.320779 0.932635
vt 0.261204 0.943308
vt 0.272178 0.941910
vt 0.272432 0.965404
vt 0.261395 0.966091
vt 0.261357 0.942513
vt 0.272153 0.941131
vt 0.283511 0.939953
vt 0.283471 0.964208
vt 0.261592 0.966913
vt 0.272454 0.966233
vt 0.283304 0.939169
vt 0.283324 0.965043
vt 0.301243 0.964597
vt 0.301502 0.974963
vt 0.289274 0.974963
vt 0.289015 0.964597
vt 0.301708 0.964695
vt 0.301964 0.974963
vt 0.301243 0.985329
vt 0.289015 0.985329
vt 0.288518 0.964700
vt 0.288774 0.974963
vt 0.301708 0.985231
vt 0.288518 0.985226
vt 0.310717 0.986033
vt 0.310016 0.975668
vt 0.323621 0.975668
vt 0.324083 0.986033
vt 0.310217 0.985917
vt 0.309518 0.975668
vt 0.310717 0.965302
vt 0.324083 0.965302
vt 0.324554 0.985936
vt 0.324089 0.975668
vt 0.310217 0.965415
vt 0.324554 0.965397
vt 0.268119 0.970823
vt 0.266804 0.981056
vt 0.251722 0.981863
vt 0.251033 0.971159
vt 0.268802 0.970948
vt 0.267480 0.981023
vt 0.266767 0.991288
vt 0.251859 0.992567
vt 0.250334 0.971306
vt 0.251016 0.981885
vt 0.267428 0.991109
vt 0.251149 0.992472
vt 0.350026 0.934650
vt 0.360253 0.932926
vt 0.359417 0.960131
vt 0.348705 0.961129
vt 0.350233 0.933969
vt 0.360276 0.932256
vt 0.370478 0.933845
vt 0.370133 0.958911
vt 0.348841 0.961825
vt 0.359409 0.960822
vt 0.370316 0.933158
vt 0.369968 0.959615
vt 0.675352 0.586708
vt 0.674773 0.592368
vt 0.671966 0.592339
vt 0.672594 0.586224
vt 0.673915 0.598725
vt 0.671142 0.598725
vt 0.676336 0.583946
vt 0.673933 0.582470
vt 0.673015 0.606485
vt 0.670246 0.606485
vt 0.678215 0.582198
vt 0.676455 0.579978
vt 0.673015 0.608010
vt 0.670246 0.608010
vt 0.681133 0.580829
vt 0.679867 0.578344
vt 0.670246 0.609534
vt 0.673015 0.609534
vt 0.671142 0.617294
vt 0.673915 0.617294
vt 0.674773 0.623651
vt 0.671966 0.623680
vt 0.675352 0.629311
vt 0.672594 0.629795
vt 0.676336 0.632073
vt 0.673933 0.633549
vt 0.678215 0.633821
vt 0.676455 0.636041
vt 0.681133 0.635190
vt 0.679867 0.637675
vt 0.568004 0.520195
vt 0.568681 0.526763
vt 0.565874 0.526788
vt 0.565246 0.520669
vt 0.569541 0.533175
vt 0.566733 0.533175
vt 0.566313 0.515429
vt 0.563906 0.516909
vt 0.570440 0.540935
vt 0.567633 0.540935
vt 0.562892 0.512195
vt 0.561128 0.514417
vt 0.570440 0.542460
vt 0.567633 0.542460
vt 0.558970 0.510287
vt 0.557710 0.512788
vt 0.567633 0.543984
vt 0.570440 0.543984
vt 0.566733 0.551744
vt 0.569541 0.551744
vt 0.568681 0.558156
vt 0.565874 0.558131
vt 0.568004 0.564724
vt 0.565246 0.564250
vt 0.566313 0.569491
vt 0.563906 0.568010
vt 0.562892 0.572724
vt 0.561128 0.570502
vt 0.558970 0.574632
vt 0.557710 0.572131
vt 0.887577 0.336727
vt 0.884834 0.342712
vt 0.881748 0.342617
vt 0.884683 0.336300
vt 0.880871 0.355552
vt 0.878038 0.355552
vt 0.890539 0.332801
vt 0.888335 0.331267
vt 0.880871 0.356970
vt 0.878038 0.356970
vt 0.892806 0.330523
vt 0.891486 0.328159
vt 0.878038 0.358388
vt 0.880871 0.358388
vt 0.896324 0.329125
vt 0.895312 0.326611
vt 0.884834 0.371228
vt 0.881748 0.371322
vt 0.900390 0.328292
vt 0.899367 0.325886
vt 0.887577 0.377213
vt 0.884683 0.377639
vt 0.890539 0.381138
vt 0.888335 0.382673
vt 0.892806 0.383416
vt 0.891486 0.385781
vt 0.896324 0.384815
vt 0.895312 0.387328
vt 0.900390 0.385647
vt 0.899367 0.388054
vt 0.192078 0.779837
vt 0.194900 0.786406
vt 0.191766 0.786496
vt 0.188987 0.780261
vt 0.198705 0.799277
vt 0.195796 0.799277
vt 0.187822 0.773922
vt 0.185500 0.775456
vt 0.198705 0.800695
vt 0.195796 0.800695
vt 0.183481 0.769991
vt 0.182179 0.772368
vt 0.195796 0.802113
vt 0.198705 0.802113
vt 0.179218 0.768136
vt 0.178206 0.770664
vt 0.194900 0.814984
vt 0.191766 0.814895
vt 0.175038 0.767344
vt 0.173967 0.769763
vt 0.192078 0.821553
vt 0.188987 0.821130
vt 0.187822 0.827469
vt 0.185500 0.825934
vt 0.183481 0.831399
vt 0.182179 0.829022
vt 0.179218 0.833255
vt 0.178206 0.830726
vt 0.175038 0.834046
vt 0.173967 0.831628
vt 0.179819 0.847746
vt 0.182666 0.847839
vt 0.181911 0.862166
vt 0.179606 0.862091
vt 0.179986 0.842261
vt 0.182857 0.842357
vt 0.178883 0.876420
vt 0.181730 0.876513
vt 0.180123 0.837956
vt 0.182994 0.838056
vt 0.178692 0.881905
vt 0.181563 0.881997
vt 0.178548 0.886214
vt 0.181419 0.886302
vt 0.563980 0.590481
vt 0.566825 0.590388
vt 0.567007 0.604735
vt 0.564705 0.604810
vt 0.563776 0.584531
vt 0.566644 0.584437
vt 0.564916 0.619155
vt 0.567761 0.619062
vt 0.563589 0.578637
vt 0.566457 0.578542
vt 0.565100 0.625106
vt 0.567969 0.625013
vt 0.565297 0.631005
vt 0.568166 0.630913
vt 0.171562 0.851018
vt 0.172203 0.865359
vt 0.169332 0.865452
vt 0.168691 0.851111
vt 0.172498 0.879692
vt 0.169627 0.879786
vt 0.171239 0.845531
vt 0.168368 0.845626
vt 0.172533 0.885174
vt 0.169662 0.885267
vt 0.170963 0.841220
vt 0.168093 0.841320
vt 0.172538 0.889478
vt 0.169667 0.889566
vt 0.556855 0.590491
vt 0.556213 0.604832
vt 0.553345 0.604738
vt 0.553986 0.590397
vt 0.555919 0.619165
vt 0.553051 0.619072
vt 0.557207 0.584538
vt 0.554338 0.584444
vt 0.555883 0.625113
vt 0.553014 0.625020
vt 0.557579 0.578638
vt 0.554710 0.578542
vt 0.555870 0.631005
vt 0.553001 0.630913
vt 0.767697 0.174616
vt 0.767855 0.172700
vt 0.808056 0.172700
vt 0.808214 0.174616
vt 0.761558 0.174616
vt 0.762166 0.172700
vt 0.813745 0.172700
vt 0.814352 0.174616
vt 0.767697 0.280435
vt 0.808214 0.280435
vt 0.761558 0.280435
vt 0.814352 0.280435
vt 0.767855 0.282351
vt 0.808056 0.282351
vt 0.762166 0.282351
vt 0.813745 0.282351
vt 0.575576 0.398642
vt 0.575733 0.396726
vt 0.615935 0.396726
vt 0.616093 0.398642
vt 0.569437 0.398642
vt 0.570045 0.396726
vt 0.621624 0.396726
vt 0.622231 0.398642
vt 0.575576 0.504461
vt 0.616093 0.504461
vt 0.569437 0.504461
vt 0.622231 0.504461
vt 0.575733 0.506377
vt 0.615935 0.506377
vt 0.570045 0.506377
vt 0.621624 0.506377
vt 0.478855 0.705499
vt 0.478223 0.710451
vt 0.461494 0.709659
vt 0.461494 0.704676
vt 0.444766 0.710451
vt 0.444134 0.705499
vt 0.461494 0.674321
vt 0.477856 0.675096
vt 0.445133 0.675096
vt 0.484865 0.680039
vt 0.485497 0.675473
vt 0.502225 0.674681
vt 0.502225 0.679216
vt 0.518954 0.675473
vt 0.519586 0.680039
vt 0.502225 0.710279
vt 0.485864 0.711054
vt 0.518586 0.711054
vt 0.502225 0.710893
vt 0.486013 0.711661
vt 0.518437 0.711661
vt 0.417648 0.688325
vt 0.416520 0.688589
vt 0.415782 0.673014
vt 0.416923 0.673014
vt 0.410485 0.688941
vt 0.409723 0.672860
vt 0.416520 0.657439
vt 0.417648 0.657703
vt 0.409166 0.672860
vt 0.409923 0.688838
vt 0.410485 0.656779
vt 0.409923 0.656882
vt 0.401769 0.672860
vt 0.402531 0.688941
vt 0.396806 0.688589
vt 0.396068 0.673014
vt 0.402399 0.672860
vt 0.403156 0.688838
vt 0.402531 0.656779
vt 0.396806 0.657439
vt 0.403156 0.656882
vt 0.377577 0.932425
vt 0.380042 0.932256
vt 0.379339 0.947092
vt 0.376883 0.947092
vt 0.380042 0.961928
vt 0.377577 0.961760
vt 0.377186 0.932360
vt 0.376488 0.947092
vt 0.377186 0.961824
vt 0.387139 0.932350
vt 0.389706 0.932518
vt 0.389011 0.947186
vt 0.386436 0.947186
vt 0.390058 0.932454
vt 0.389360 0.947186
vt 0.389706 0.961853
vt 0.387139 0.962021
vt 0.386759 0.932256
vt 0.386052 0.947186
vt 0.390058 0.961918
vt 0.386759 0.962115
vt 0.146479 0.952896
vt 0.144773 0.952350
vt 0.146785 0.947249
vt 0.148465 0.948221
vt 0.145639 0.960517
vt 0.143841 0.959865
vt 0.148492 0.945518
vt 0.149442 0.947237
vt 0.144916 0.969851
vt 0.142825 0.969190
vt 0.151320 0.944896
vt 0.150942 0.946816
vt 0.144714 0.970482
vt 0.142890 0.969868
vt 0.153509 0.946883
vt 0.151841 0.947953
vt 0.153843 0.949031
vt 0.151994 0.949349
vt 0.153663 0.950768
vt 0.151753 0.950208
vt 0.152635 0.952078
vt 0.151285 0.950328
vt 0.150930 0.952428
vt 0.150528 0.950259
vt 0.149184 0.952042
vt 0.149405 0.949950
vt 0.147527 0.951422
vt 0.148162 0.949456
vt 0.552616 0.725813
vt 0.554581 0.726447
vt 0.553938 0.727916
vt 0.552064 0.726915
vt 0.553158 0.729083
vt 0.551453 0.727720
vt 0.551989 0.729972
vt 0.550760 0.728194
vt 0.550483 0.730406
vt 0.550074 0.728353
vt 0.627250 0.729105
vt 0.626441 0.727437
vt 0.627033 0.727353
vt 0.627526 0.729104
vt 0.090053 0.975929
vt 0.090779 0.974437
vt 0.091543 0.975712
vt 0.089964 0.976408
vt 0.092405 0.978268
vt 0.090838 0.978571
vt 0.093671 0.987272
vt 0.091802 0.987784
vt 0.094741 0.997012
vt 0.092308 0.997321
vt 0.094722 0.997610
vt 0.092541 0.997895
vt 0.088699 0.963151
vt 0.090438 0.962517
vt 0.092557 0.967542
vt 0.090750 0.968558
vt 0.087795 0.955744
vt 0.089605 0.955084
vt 0.093176 0.968306
vt 0.092296 0.970087
vt 0.086791 0.946366
vt 0.088899 0.945717
vt 0.094019 0.968616
vt 0.094474 0.970527
vt 0.088661 0.945099
vt 0.086847 0.945710
vt 0.094452 0.967788
vt 0.096110 0.968903
vt 0.094554 0.966621
vt 0.096411 0.966969
vt 0.094306 0.965722
vt 0.096204 0.965193
vt 0.093798 0.965495
vt 0.095121 0.963800
vt 0.093034 0.965477
vt 0.093411 0.963324
vt 0.091957 0.965693
vt 0.091720 0.963547
vt 0.582530 0.726095
vt 0.584675 0.725857
vt 0.585113 0.726986
vt 0.583068 0.727635
vt 0.585631 0.727879
vt 0.583703 0.728835
vt 0.586062 0.728339
vt 0.584350 0.729598
vt 0.586179 0.728298
vt 0.584972 0.729976
vt 0.118044 0.970638
vt 0.118619 0.968857
vt 0.119544 0.968560
vt 0.120371 0.970389
vt 0.120350 0.967216
vt 0.122073 0.968164
vt 0.121176 0.964282
vt 0.122695 0.964668
vt 0.122442 0.955315
vt 0.124171 0.955688
vt 0.123543 0.945647
vt 0.125458 0.945810
vt 0.123657 0.945099
vt 0.125290 0.945238
vt 0.659130 0.586690
vt 0.661889 0.586206
vt 0.662516 0.592321
vt 0.659709 0.592351
vt 0.658146 0.583928
vt 0.660549 0.582452
vt 0.663341 0.598708
vt 0.660567 0.598708
vt 0.656267 0.582181
vt 0.658027 0.579960
vt 0.664236 0.606467
vt 0.661467 0.606467
vt 0.653349 0.580847
vt 0.654615 0.578344
vt 0.664236 0.607992
vt 0.661467 0.607992
vt 0.664236 0.609516
vt 0.661467 0.609516
vt 0.663341 0.617276
vt 0.660567 0.617276
vt 0.659709 0.623633
vt 0.662516 0.623662
vt 0.659130 0.629293
vt 0.661889 0.629777
vt 0.658146 0.632055
vt 0.660549 0.633531
vt 0.656267 0.633803
vt 0.658027 0.636023
vt 0.653349 0.635137
vt 0.654615 0.637640
vt 0.579238 0.520186
vt 0.581997 0.520661
vt 0.581369 0.526779
vt 0.578562 0.526754
vt 0.580930 0.515420
vt 0.583336 0.516900
vt 0.580509 0.533167
vt 0.577701 0.533167
vt 0.584351 0.512186
vt 0.586114 0.514408
vt 0.579610 0.540926
vt 0.576802 0.540926
vt 0.588272 0.510287
vt 0.589532 0.512799
vt 0.579610 0.542451
vt 0.576802 0.542451
vt 0.579610 0.543975
vt 0.576802 0.543975
vt 0.580509 0.551735
vt 0.577701 0.551735
vt 0.578562 0.558147
vt 0.581369 0.558122
vt 0.579238 0.564715
vt 0.581997 0.564241
vt 0.580930 0.569482
vt 0.583336 0.568002
vt 0.584351 0.572715
vt 0.586114 0.570493
vt 0.588272 0.574615
vt 0.589532 0.572102
vt 0.893220 0.271525
vt 0.896114 0.271099
vt 0.899050 0.277416
vt 0.895964 0.277510
vt 0.890258 0.267600
vt 0.892462 0.266065
vt 0.902759 0.290350
vt 0.899926 0.290350
vt 0.887991 0.265336
vt 0.889311 0.262962
vt 0.902759 0.293186
vt 0.899926 0.293186
vt 0.884473 0.264120
vt 0.885486 0.261560
vt 0.895964 0.306026
vt 0.899050 0.306120
vt 0.880408 0.263734
vt 0.881430 0.261185
vt 0.893220 0.312011
vt 0.896114 0.312437
vt 0.880694 0.258703
vt 0.884870 0.259152
vt 0.890258 0.315937
vt 0.892462 0.317471
vt 0.877298 0.261201
vt 0.876542 0.258679
vt 0.887991 0.318201
vt 0.889311 0.320574
vt 0.884473 0.319416
vt 0.885486 0.321976
vt 0.457424 0.497049
vt 0.460516 0.497473
vt 0.457736 0.503708
vt 0.454603 0.503618
vt 0.461681 0.491134
vt 0.464003 0.492668
vt 0.453706 0.516489
vt 0.450797 0.516489
vt 0.466021 0.487203
vt 0.467323 0.489580
vt 0.453706 0.519325
vt 0.450797 0.519325
vt 0.470284 0.485441
vt 0.471296 0.488007
vt 0.454603 0.532196
vt 0.457736 0.532107
vt 0.474465 0.484909
vt 0.475535 0.487467
vt 0.457424 0.538765
vt 0.460516 0.538342
vt 0.474809 0.489950
vt 0.470678 0.490417
vt 0.461681 0.544681
vt 0.464003 0.543146
vt 0.479739 0.487342
vt 0.478986 0.489866
vt 0.466021 0.548611
vt 0.467323 0.546234
vt 0.470284 0.550373
vt 0.471296 0.547807
vt 0.789959 0.111085
vt 0.789523 0.111179
vt 0.789527 0.097034
vt 0.789964 0.096906
vt 0.789959 0.129876
vt 0.789524 0.129928
vt 0.780419 0.111584
vt 0.781846 0.097044
vt 0.789528 0.096590
vt 0.789886 0.096581
vt 0.789959 0.147398
vt 0.789524 0.147429
vt 0.778593 0.130152
vt 0.775978 0.097044
vt 0.775978 0.111591
vt 0.782113 0.096607
vt 0.789529 0.096126
vt 0.789965 0.096235
vt 0.789951 0.159115
vt 0.789564 0.159486
vt 0.777680 0.147563
vt 0.775978 0.130156
vt 0.775978 0.096607
vt 0.770110 0.097044
vt 0.771537 0.111584
vt 0.782491 0.096149
vt 0.789529 0.076997
vt 0.789961 0.077074
vt 0.779401 0.164450
vt 0.775978 0.147565
vt 0.773364 0.130152
vt 0.769843 0.096607
vt 0.775978 0.096150
vt 0.762433 0.111179
vt 0.762429 0.097034
vt 0.782491 0.076597
vt 0.789529 0.046664
vt 0.789961 0.046692
vt 0.775960 0.165553
vt 0.789648 0.159889
vt 0.778540 0.167724
vt 0.774276 0.147563
vt 0.762432 0.129928
vt 0.762428 0.096590
vt 0.769465 0.096149
vt 0.775978 0.076591
vt 0.761997 0.111085
vt 0.761993 0.096906
vt 0.782491 0.046516
vt 0.789528 0.022424
vt 0.789961 0.022373
vt 0.775965 0.168790
vt 0.772560 0.164542
vt 0.762432 0.147429
vt 0.761997 0.129876
vt 0.762070 0.096581
vt 0.762427 0.096126
vt 0.769465 0.076597
vt 0.775978 0.046513
vt 0.782491 0.022675
vt 0.789534 0.002135
vt 0.789963 0.001992
vt 0.773407 0.167763
vt 0.762392 0.159486
vt 0.761997 0.147398
vt 0.761992 0.096235
vt 0.762427 0.076997
vt 0.769465 0.046516
vt 0.775978 0.022679
vt 0.782491 0.003143
vt 0.762298 0.159890
vt 0.762005 0.159115
vt 0.761995 0.077074
vt 0.762427 0.046664
vt 0.769465 0.022675
vt 0.775978 0.003160
vt 0.761995 0.046692
vt 0.762429 0.022424
vt 0.769465 0.003143
vt 0.761995 0.022373
vt 0.762422 0.002135
vt 0.761993 0.001992
vt 0.797254 0.159947
vt 0.796805 0.160032
vt 0.796805 0.119479
vt 0.797254 0.119399
vt 0.796357 0.159947
vt 0.796357 0.119399
vt 0.796805 0.070662
vt 0.797254 0.070606
vt 0.796357 0.070606
vt 0.796805 0.010268
vt 0.797254 0.010284
vt 0.796357 0.010284
vt 0.796805 0.002239
vt 0.797254 0.001992
vt 0.796357 0.002103
vt 0.188964 0.677091
vt 0.189411 0.676859
vt 0.189411 0.711050
vt 0.188963 0.711201
vt 0.188963 0.676671
vt 0.189411 0.676439
vt 0.189859 0.677091
vt 0.189860 0.711201
vt 0.189411 0.730539
vt 0.188963 0.730699
vt 0.189860 0.676672
vt 0.189860 0.730699
vt 0.189411 0.756243
vt 0.188963 0.756344
vt 0.189860 0.756344
vt 0.687143 0.601477
vt 0.687592 0.601393
vt 0.687592 0.637704
vt 0.687143 0.637767
vt 0.687143 0.578344
vt 0.687355 0.578954
vt 0.687592 0.591000
vt 0.688040 0.601477
vt 0.688040 0.637767
vt 0.687592 0.579240
vt 0.687829 0.578580
vt 0.278095 0.970912
vt 0.278515 0.970823
vt 0.278515 0.988383
vt 0.278080 0.988536
vt 0.278934 0.970912
vt 0.278949 0.988743
vt 0.281925 0.991661
vt 0.275153 0.991661
vt 0.039650 0.762899
vt 0.039202 0.762928
vt 0.039202 0.734804
vt 0.039650 0.734794
vt 0.038753 0.762899
vt 0.038753 0.734794
vt 0.039202 0.701184
vt 0.039650 0.701205
vt 0.038753 0.701205
vt 0.039202 0.688550
vt 0.039640 0.688407
vt 0.038764 0.688504
vt 0.190490 0.064708
vt 0.201292 0.065554
vt 0.201128 0.125355
vt 0.190490 0.124958
vt 0.190136 0.032096
vt 0.202277 0.032599
vt 0.201166 0.192338
vt 0.190490 0.192292
vt 0.179688 0.065554
vt 0.179851 0.125355
vt 0.190000 0.001992
vt 0.202384 0.002141
vt 0.178108 0.033746
vt 0.201059 0.266827
vt 0.190490 0.267089
vt 0.179814 0.192338
vt 0.177786 0.004252
vt 0.200225 0.344537
vt 0.190490 0.344937
vt 0.179921 0.266827
vt 0.199980 0.408434
vt 0.190490 0.408873
vt 0.180755 0.344537
vt 0.200349 0.468395
vt 0.190490 0.468798
vt 0.180999 0.408434
vt 0.200851 0.524919
vt 0.190476 0.524343
vt 0.180631 0.468395
vt 0.200659 0.573928
vt 0.190490 0.573776
vt 0.180100 0.523718
vt 0.201675 0.619660
vt 0.190490 0.619118
vt 0.180320 0.573928
vt 0.203142 0.670738
vt 0.190490 0.670071
vt 0.179304 0.622867
vt 0.202818 0.672529
vt 0.190490 0.671878
vt 0.177838 0.670738
vt 0.178163 0.672529
vt 0.222902 0.604382
vt 0.211968 0.605259
vt 0.212259 0.551455
vt 0.222902 0.551058
vt 0.223389 0.633627
vt 0.211174 0.634147
vt 0.212228 0.488977
vt 0.222902 0.488927
vt 0.233836 0.605259
vt 0.233545 0.551455
vt 0.223969 0.661811
vt 0.211447 0.661948
vt 0.235492 0.635295
vt 0.212349 0.418388
vt 0.222902 0.418640
vt 0.233576 0.488977
vt 0.223398 0.668547
vt 0.213086 0.668718
vt 0.236241 0.664118
vt 0.213168 0.342534
vt 0.222902 0.342931
vt 0.233456 0.418388
vt 0.233560 0.670457
vt 0.213411 0.279192
vt 0.222902 0.279631
vt 0.232636 0.342534
vt 0.213038 0.218722
vt 0.222902 0.219123
vt 0.232393 0.279192
vt 0.212509 0.160990
vt 0.222888 0.161210
vt 0.232767 0.218722
vt 0.212712 0.106039
vt 0.222902 0.105885
vt 0.233267 0.160990
vt 0.211709 0.055382
vt 0.222902 0.054764
vt 0.233092 0.106039
vt 0.210242 0.002658
vt 0.222902 0.001992
vt 0.234095 0.055382
vt 0.235563 0.002658
vt 0.191818 0.974481
vt 0.191349 0.985926
vt 0.174591 0.985926
vt 0.175061 0.974481
vt 0.192521 0.974623
vt 0.192058 0.985926
vt 0.191817 0.997371
vt 0.175061 0.997371
vt 0.174431 0.974618
vt 0.173967 0.985926
vt 0.192521 0.997229
vt 0.174431 0.997234
vt 0.001951 0.974454
vt 0.013397 0.972873
vt 0.013397 0.996383
vt 0.001951 0.995698
vt 0.024842 0.974454
vt 0.024842 0.995698
vt 0.002106 0.996407
vt 0.013397 0.997090
vt 0.024682 0.996408
vt 0.403872 0.973908
vt 0.391613 0.980491
vt 0.391752 0.966025
vt 0.403885 0.972990
vt 0.404196 0.973459
vt 0.384868 0.966025
vt 0.384868 0.983334
vt 0.372741 0.975281
vt 0.372521 0.974833
vt 0.372744 0.974384
vt 0.522493 0.726902
vt 0.521867 0.730918
vt 0.519527 0.729735
vt 0.520261 0.725813
vt 0.529073 0.726902
vt 0.531305 0.725813
vt 0.532039 0.729735
vt 0.529699 0.730918
vt 0.410704 0.705339
vt 0.410863 0.692851
vt 0.414827 0.698551
vt 0.414939 0.698996
vt 0.414591 0.699654
f 3/27 6/35 42/36 39/28
f 6/3380 9/3381 45/3382 42/3383
f 9/3381 12/3386 48/3387 45/3382
f 12/11 15/1 51/4 48/12
f 15/1 18/2 54/3 51/4
f 18/2 21/7 57/8 54/3
f 21/7 24/15 60/16 57/8
f 24/3392 27/3393 63/3394 60/3395
f 27/3393 30/3398 66/3399 63/3394
f 30/31 33/21 69/24 66/32
f 33/21 36/22 72/23 69/24
f 36/22 3/27 39/28 72/23
f 8/1799 5/1800 1/1801
f 11/1805 8/1799 1/1801
f 14/1809 11/1805 1/1801
f 17/1813 14/1809 1/1801
f 20/1817 17/1813 1/1801
f 23/1821 20/1817 1/1801
f 26/1820 23/1821 1/1801
f 29/1816 26/1820 1/1801
f 32/1812 29/1816 1/1801
f 35/1808 32/1812 1/1801
f 38/1804 35/1808 1/1801
f 5/1800 38/1804 1/1801
f 41/1824 44/1825 2/1826
f 44/1825 47/1829 2/1826
f 47/1829 50/1833 2/1826
f 50/1833 53/1837 2/1826
f 53/1837 56/1841 2/1826
f 56/1841 59/1845 2/1826
f 59/1845 62/1846 2/1826
f 62/1846 65/1842 2/1826
f 65/1842 68/1838 2/1826
f 68/1838 71/1834 2/1826
f 71/1834 74/1830 2/1826
f 74/1830 41/1824 2/1826
f 3/27 4/34 7/39 6/35
f 4/1802 5/1800 8/1799 7/1803
f 6/3380 7/3384 10/3385 9/3381
f 7/1803 8/1799 11/1805 10/1807
f 9/3381 10/3385 13/3390 12/3386
f 10/1807 11/1805 14/1809 13/1811
f 12/11 13/13 16/5 15/1
f 13/1811 14/1809 17/1813 16/1815
f 15/1 16/5 19/6 18/2
f 16/1815 17/1813 20/1817 19/1819
f 18/2 19/6 22/14 21/7
f 19/1819 20/1817 23/1821 22/1823
f 21/7 22/14 25/19 24/15
f 22/1823 23/1821 26/1820 25/1822
f 24/3392 25/3396 28/3397 27/3393
f 25/1822 26/1820 29/1816 28/1818
f 27/3393 28/3397 31/3402 30/3398
f 28/1818 29/1816 32/1812 31/1814
f 30/31 31/33 34/25 33/21
f 31/1814 32/1812 35/1808 34/1810
f 33/21 34/25 37/26 36/22
f 34/1810 35/1808 38/1804 37/1806
f 5/1800 4/1802 37/1806 38/1804
f 4/34 3/27 36/22 37/26
f 39/28 40/37 73/30 72/23
f 40/1827 41/1824 74/1830 73/1831
f 41/1824 40/1827 43/1828 44/1825
f 40/37 39/28 42/36 43/40
f 44/1825 43/1828 46/1832 47/1829
f 43/3388 42/3383 45/3382 46/3389
f 47/1829 46/1832 49/1836 50/1833
f 46/3389 45/3382 48/3387 49/3391
f 50/1833 49/1836 52/1840 53/1837
f 49/18 48/12 51/4 52/9
f 53/1837 52/1840 55/1844 56/1841
f 52/9 51/4 54/3 55/10
f 56/1841 55/1844 58/1848 59/1845
f 55/10 54/3 57/8 58/17
f 59/1845 58/1848 61/1847 62/1846
f 58/17 57/8 60/16 61/20
f 62/1846 61/1847 64/1843 65/1842
f 61/3400 60/3395 63/3394 64/3401
f 65/1842 64/1843 67/1839 68/1838
f 64/3401 63/3394 66/3399 67/3403
f 68/1838 67/1839 70/1835 71/1834
f 67/38 66/32 69/24 70/29
f 71/1834 70/1835 73/1831 74/1830
f 70/29 69/24 72/23 73/30
f 77/67 80/75 116/76 113/68
f 80/3404 83/3405 119/3406 116/3407
f 83/3405 86/3410 122/3411 119/3406
f 86/51 89/41 125/44 122/52
f 89/41 92/42 128/43 125/44
f 92/42 95/47 131/48 128/43
f 95/47 98/55 134/56 131/48
f 98/3416 101/3417 137/3418 134/3419
f 101/3417 104/3422 140/3423 137/3418
f 104/71 107/61 143/64 140/72
f 107/61 110/62 146/63 143/64
f 110/62 77/67 113/68 146/63
f 82/1849 79/1850 75/1851
f 85/1855 82/1849 75/1851
f 88/1859 85/1855 75/1851
f 91/1863 88/1859 75/1851
f 94/1867 91/1863 75/1851
f 97/1871 94/1867 75/1851
f 100/1870 97/1871 75/1851
f 103/1866 100/1870 75/1851
f 106/1862 103/1866 75/1851
f 109/1858 106/1862 75/1851
f 112/1854 109/1858 75/1851
f 79/1850 112/1854 75/1851
f 115/1874 118/1875 76/1876
f 118/1875 121/1879 76/1876
f 121/1879 124/1883 76/1876
f 124/1883 127/1887 76/1876
f 127/1887 130/1891 76/1876
f 130/1891 133/1895 76/1876
f 133/1895 136/1896 76/1876
f 136/1896 139/1892 76/1876
f 139/1892 142/1888 76/1876
f 142/1888 145/1884 76/1876
f 145/1884 148/1880 76/1876
f 148/1880 115/1874 76/1876
f 77/67 78/74 81/79 80/75
f 78/1852 79/1850 82/1849 81/1853
f 80/3404 81/3408 84/3409 83/3405
f 81/1853 82/1849 85/1855 84/1857
f 83/3405 84/3409 87/3414 86/3410
f 84/1857 85/1855 88/1859 87/1861
f 86/51 87/53 90/45 89/41
f 87/1861 88/1859 91/1863 90/1865
f 89/41 90/45 93/46 92/42
f 90/1865 91/1863 94/1867 93/1869
f 92/42 93/46 96/54 95/47
f 93/1869 94/1867 97/1871 96/1873
f 95/47 96/54 99/59 98/55
f 96/1873 97/1871 100/1870 99/1872
f 98/3416 99/3420 102/3421 101/3417
f 99/1872 100/1870 103/1866 102/1868
f 101/3417 102/3421 105/3426 104/3422
f 102/1868 103/1866 106/1862 105/1864
f 104/71 105/73 108/65 107/61
f 105/1864 106/1862 109/1858 108/1860
f 107/61 108/65 111/66 110/62
f 108/1860 109/1858 112/1854 111/1856
f 79/1850 78/1852 111/1856 112/1854
f 78/74 77/67 110/62 111/66
f 113/68 114/77 147/70 146/63
f 114/1877 115/1874 148/1880 147/1881
f 115/1874 114/1877 117/1878 118/1875
f 114/77 113/68 116/76 117/80
f 118/1875 117/1878 120/1882 121/1879
f 117/3412 116/3407 119/3406 120/3413
f 121/1879 120/1882 123/1886 124/1883
f 120/3413 119/3406 122/3411 123/3415
f 124/1883 123/1886 126/1890 127/1887
f 123/58 122/52 125/44 126/49
f 127/1887 126/1890 129/1894 130/1891
f 126/49 125/44 128/43 129/50
f 130/1891 129/1894 132/1898 133/1895
f 129/50 128/43 131/48 132/57
f 133/1895 132/1898 135/1897 136/1896
f 132/57 131/48 134/56 135/60
f 136/1896 135/1897 138/1893 139/1892
f 135/3424 134/3419 137/3418 138/3425
f 139/1892 138/1893 141/1889 142/1888
f 138/3425 137/3418 140/3423 141/3427
f 142/1888 141/1889 144/1885 145/1884
f 141/78 140/72 143/64 144/69
f 145/1884 144/1885 147/1881 148/1880
f 144/69 143/64 146/63 147/70
f 151/107 154/115 190/116 187/108
f 154/3428 157/3429 193/3430 190/3431
f 157/3429 160/3434 196/3435 193/3430
f 160/91 163/81 199/84 196/92
f 163/81 166/82 202/83 199/84
f 166/82 169/87 205/88 202/83
f 169/87 172/95 208/96 205/88
f 172/3437 175/3438 211/3439 208/3440
f 175/3438 178/3441 214/3442 211/3439
f 178/111 181/101 217/104 214/112
f 181/101 184/102 220/103 217/104
f 184/102 151/107 187/108 220/103
f 156/1899 153/1900 149/1901
f 159/1905 156/1899 149/1901
f 162/1909 159/1905 149/1901
f 165/1913 162/1909 149/1901
f 168/1917 165/1913 149/1901
f 171/1921 168/1917 149/1901
f 174/1920 171/1921 149/1901
f 177/1916 174/1920 149/1901
f 180/1912 177/1916 149/1901
f 183/1908 180/1912 149/1901
f 186/1904 183/1908 149/1901
f 153/1900 186/1904 149/1901
f 189/1927 192/1928 150/1929
f 192/1928 195/1932 150/1929
f 195/1932 198/1935 150/1929
f 198/1935 201/1940 150/1929
f 201/1940 204/1944 150/1929
f 204/1944 207/1949 150/1929
f 207/1949 210/1951 150/1929
f 210/1951 213/1947 150/1929
f 213/1947 216/1941 150/1929
f 216/1941 219/1936 150/1929
f 219/1936 222/1933 150/1929
f 222/1933 189/1927 150/1929
f 151/107 152/114 155/121 154/115
f 152/1902 153/1900 156/1899 155/1903
f 154/3428 155/3432 158/3433 157/3429
f 155/1903 156/1899 159/1905 158/1907
f 157/3429 158/3433 161/3436 160/3434
f 158/1907 159/1905 162/1909 161/1911
f 160/91 161/93 164/85 163/81
f 161/1911 162/1909 165/1913 164/1915
f 163/81 164/85 167/86 166/82
f 164/1915 165/1913 168/1917 167/1919
f 166/82 167/86 170/94 169/87
f 167/1919 168/1917 171/1921 170/1925
f 169/87 170/94 173/99 172/95
f 170/1925 171/1921 174/1920 173/1922
f 172/1926 173/1922 176/1918 175/1923
f 173/1922 174/1920 177/1916 176/1918
f 175/1923 176/1918 179/1914 178/1924
f 176/1918 177/1916 180/1912 179/1914
f 178/111 179/113 182/105 181/101
f 179/1914 180/1912 183/1908 182/1910
f 181/101 182/105 185/106 184/102
f 182/1910 183/1908 186/1904 185/1906
f 153/1900 152/1902 185/1906 186/1904
f 152/114 151/107 184/102 185/106
f 187/108 188/117 221/110 220/103
f 188/117 189/123 222/120 221/110
f 189/1927 188/1930 191/1931 192/1928
f 188/117 187/108 190/116 191/122
f 192/1928 191/1931 194/1934 195/1932
f 191/1931 190/1937 193/1938 194/1934
f 195/1932 194/1934 197/1939 198/1935
f 194/1934 193/1938 196/1942 197/1939
f 198/1935 197/1939 200/1943 201/1940
f 197/98 196/92 199/84 200/89
f 201/1940 200/1943 203/1948 204/1944
f 200/89 199/84 202/83 203/90
f 204/1944 203/1948 206/1952 207/1949
f 203/90 202/83 205/88 206/97
f 207/1949 206/1952 209/1953 210/1951
f 206/97 205/88 208/96 209/100
f 210/1951 209/1953 212/1950 213/1947
f 209/3443 208/3440 211/3439 212/3444
f 213/1947 212/1950 215/1945 216/1941
f 212/3444 211/3439 214/3442 215/3445
f 216/1941 215/1945 218/1946 219/1936
f 215/118 214/112 217/104 218/109
f 219/119 218/109 221/110 222/120
f 218/109 217/104 220/103 221/110
f 225/150 228/158 264/159 261/151
f 228/3446 231/3447 267/3448 264/3449
f 231/3447 234/3452 270/3453 267/3448
f 234/134 237/124 273/127 270/135
f 237/124 240/125 276/126 273/127
f 240/125 243/130 279/131 276/126
f 243/130 246/138 282/139 279/131
f 246/3457 249/3458 285/3459 282/3460
f 249/3458 252/3461 288/3462 285/3459
f 252/154 255/144 291/147 288/155
f 255/144 258/145 294/146 291/147
f 258/145 225/150 261/151 294/146
f 230/1954 227/1955 223/1956
f 233/1960 230/1954 223/1956
f 236/1964 233/1960 223/1956
f 239/1968 236/1964 223/1956
f 242/1972 239/1968 223/1956
f 245/1976 242/1972 223/1956
f 248/1975 245/1976 223/1956
f 251/1971 248/1975 223/1956
f 254/1967 251/1971 223/1956
f 257/1963 254/1967 223/1956
f 260/1959 257/1963 223/1956
f 227/1955 260/1959 223/1956
f 263/1982 266/1983 224/1984
f 266/1983 269/1987 224/1984
f 269/1987 272/1991 224/1984
f 272/1991 275/1997 224/1984
f 275/1997 278/2001 224/1984
f 278/2001 281/2005 224/1984
f 281/2005 284/2006 224/1984
f 284/2006 287/2002 224/1984
f 287/2002 290/1998 224/1984
f 290/1998 293/1992 224/1984
f 293/1992 296/1988 224/1984
f 296/1988 263/1982 224/1984
f 225/150 226/157 229/162 228/158
f 226/1957 227/1955 230/1954 229/1958
f 228/3446 229/3450 232/3451 231/3447
f 229/1958 230/1954 233/1960 232/1962
f 231/3447 232/3451 235/3454 234/3452
f 232/1962 233/1960 236/1964 235/1966
f 234/134 235/136 238/128 237/124
f 235/1966 236/1964 239/1968 238/1970
f 237/124 238/128 241/129 240/125
f 238/1970 239/1968 242/1972 241/1974
f 240/125 241/129 244/137 243/130
f 241/1974 242/1972 245/1976 244/1980
f 243/130 244/137 247/142 246/138
f 244/1980 245/1976 248/1975 247/1977
f 246/1981 247/1977 250/1973 249/1978
f 247/1977 248/1975 251/1971 250/1973
f 249/1978 250/1973 253/1969 252/1979
f 250/1973 251/1971 254/1967 253/1969
f 252/154 253/156 256/148 255/144
f 253/1969 254/1967 257/1963 256/1965
f 255/144 256/148 259/149 258/145
f 256/1965 257/1963 260/1959 259/1961
f 227/1955 226/1957 259/1961 260/1959
f 226/157 225/150 258/145 259/149
f 261/151 262/160 295/153 294/146
f 262/1985 263/1982 296/1988 295/1989
f 263/1982 262/1985 265/1986 266/1983
f 262/160 261/151 264/159 265/163
f 266/1983 265/1986 268/1990 269/1987
f 265/1986 264/1994 267/1995 268/1990
f 269/1987 268/1990 271/1996 272/1991
f 268/3455 267/3448 270/3453 271/3456
f 272/1991 271/1996 274/2000 275/1997
f 271/141 270/135 273/127 274/132
f 275/1997 274/2000 277/2004 278/2001
f 274/132 273/127 276/126 277/133
f 278/2001 277/2004 280/2008 281/2005
f 277/133 276/126 279/131 280/140
f 281/2005 280/2008 283/2007 284/2006
f 280/140 279/131 282/139 283/143
f 284/2006 283/2007 286/2003 287/2002
f 283/3463 282/3460 285/3459 286/3464
f 287/2002 286/2003 289/1999 290/1998
f 286/3464 285/3459 288/3462 289/3465
f 290/1998 289/1999 292/1993 293/1992
f 289/161 288/155 291/147 292/152
f 293/1992 292/1993 295/1989 296/1988
f 292/152 291/147 294/146 295/153
f 299/164 302/165 338/166 335/167
f 302/165 305/170 341/171 338/166
f 305/3466 308/3467 344/3468 341/3469
f 308/3467 311/3472 347/3473 344/3468
f 311/194 314/184 350/187 347/195
f 314/184 317/185 353/186 350/187
f 317/185 320/190 356/191 353/186
f 320/190 323/198 359/199 356/191
f 323/3478 326/3479 362/3480 359/3481
f 326/3479 329/3482 365/3483 362/3480
f 329/180 332/174 368/175 365/181
f 332/174 299/164 335/167 368/175
f 304/2009 301/2010 297/2011
f 307/2015 304/2009 297/2011
f 310/2019 307/2015 297/2011
f 313/2023 310/2019 297/2011
f 316/2027 313/2023 297/2011
f 319/2031 316/2027 297/2011
f 322/2030 319/2031 297/2011
f 325/2026 322/2030 297/2011
f 328/2022 325/2026 297/2011
f 331/2018 328/2022 297/2011
f 334/2014 331/2018 297/2011
f 301/2010 334/2014 297/2011
f 337/2036 340/2037 298/2038
f 340/2037 343/2041 298/2038
f 343/2041 346/2045 298/2038
f 346/2045 349/2049 298/2038
f 349/2049 352/2053 298/2038
f 352/2053 355/2057 298/2038
f 355/2057 358/2058 298/2038
f 358/2058 361/2054 298/2038
f 361/2054 364/2050 298/2038
f 364/2050 367/2046 298/2038
f 367/2046 370/2042 298/2038
f 370/2042 337/2036 298/2038
f 299/164 300/168 303/169 302/165
f 300/2012 301/2010 304/2009 303/2013
f 302/165 303/169 306/177 305/170
f 303/2013 304/2009 307/2015 306/2017
f 305/3466 306/3470 309/3471 308/3467
f 306/2017 307/2015 310/2019 309/2021
f 308/3467 309/3471 312/3476 311/3472
f 309/2021 310/2019 313/2023 312/2025
f 311/194 312/196 315/188 314/184
f 312/2025 313/2023 316/2027 315/2029
f 314/184 315/188 318/189 317/185
f 315/2029 316/2027 319/2031 318/2035
f 317/185 318/189 321/197 320/190
f 318/2035 319/2031 322/2030 321/2032
f 320/190 321/197 324/202 323/198
f 321/2032 322/2030 325/2026 324/2028
f 323/2033 324/2028 327/2024 326/2034
f 324/2028 325/2026 328/2022 327/2024
f 326/3479 327/3486 330/3487 329/3482
f 327/2024 328/2022 331/2018 330/2020
f 329/180 330/182 333/176 332/174
f 330/2020 331/2018 334/2014 333/2016
f 301/2010 300/2012 333/2016 334/2014
f 300/168 299/164 332/174 333/176
f 335/167 336/172 369/179 368/175
f 336/2039 337/2036 370/2042 369/2043
f 337/2036 336/2039 339/2040 340/2037
f 336/172 335/167 338/166 339/173
f 340/2037 339/2040 342/2044 343/2041
f 339/173 338/166 341/171 342/178
f 343/2041 342/2044 345/2048 346/2045
f 342/3474 341/3469 344/3468 345/3475
f 346/2045 345/2048 348/2052 349/2049
f 345/3475 344/3468 347/3473 348/3477
f 349/2049 348/2052 351/2056 352/2053
f 348/201 347/195 350/187 351/192
f 352/2053 351/2056 354/2060 355/2057
f 351/192 350/187 353/186 354/193
f 355/2057 354/2060 357/2059 358/2058
f 354/193 353/186 356/191 357/200
f 358/2058 357/2059 360/2055 361/2054
f 357/200 356/191 359/199 360/203
f 361/2054 360/2055 363/2051 364/2050
f 360/3484 359/3481 362/3480 363/3485
f 364/2050 363/2051 366/2047 367/2046
f 363/3485 362/3480 365/3483 366/3488
f 367/2046 366/2047 369/2043 370/2042
f 366/183 365/181 368/175 369/179
f 373/234 376/242 412/243 409/235
f 376/3489 379/3490 415/3491 412/3492
f 379/3490 382/3495 418/3496 415/3491
f 382/214 385/204 421/207 418/215
f 385/204 388/205 424/206 421/207
f 388/205 391/210 427/211 424/206
f 391/210 394/218 430/219 427/211
f 394/3501 397/3502 433/3503 430/3504
f 397/3502 400/3507 436/3508 433/3503
f 400/238 403/228 439/231 436/239
f 403/228 406/229 442/230 439/231
f 406/229 373/234 409/235 442/230
f 378/2061 375/2062 371/2063
f 381/2067 378/2061 371/2063
f 384/2071 381/2067 371/2063
f 387/2075 384/2071 371/2063
f 390/2079 387/2075 371/2063
f 393/2083 390/2079 371/2063
f 396/2082 393/2083 371/2063
f 399/2078 396/2082 371/2063
f 402/2074 399/2078 371/2063
f 405/2070 402/2074 371/2063
f 408/2066 405/2070 371/2063
f 375/2062 408/2066 371/2063
f 411/2086 414/2087 372/2088
f 414/2087 417/2091 372/2088
f 417/2091 420/2095 372/2088
f 420/2095 423/2099 372/2088
f 423/2099 426/2102 372/2088
f 426/2102 429/2105 372/2088
f 429/2105 432/2106 372/2088
f 432/2106 435/2103 372/2088
f 435/2103 438/2100 372/2088
f 438/2100 441/2096 372/2088
f 441/2096 444/2092 372/2088
f 444/2092 411/2086 372/2088
f 373/234 374/241 377/246 376/242
f 374/2064 375/2062 378/2061 377/2065
f 376/3489 377/3493 380/3494 379/3490
f 377/2065 378/2061 381/2067 380/2069
f 379/3490 380/3494 383/3499 382/3495
f 380/2069 381/2067 384/2071 383/2073
f 382/214 383/216 386/208 385/204
f 383/2073 384/2071 387/2075 386/2077
f 385/204 386/208 389/209 388/205
f 386/2077 387/2075 390/2079 389/2081
f 388/205 389/209 392/217 391/210
f 389/2081 390/2079 393/2083 392/2085
f 391/210 392/217 395/224 394/218
f 392/2085 393/2083 396/2082 395/2084
f 394/3501 395/3505 398/3506 397/3502
f 395/2084 396/2082 399/2078 398/2080
f 397/3502 398/3506 401/3511 400/3507
f 398/2080 399/2078 402/2074 401/2076
f 400/238 401/240 404/232 403/228
f 401/2076 402/2074 405/2070 404/2072
f 403/228 404/232 407/233 406/229
f 404/2072 405/2070 408/2066 407/2068
f 375/2062 374/2064 407/2068 408/2066
f 374/241 373/234 406/229 407/233
f 409/235 410/244 443/237 442/230
f 410/2089 411/2086 444/2092 443/2093
f 411/2086 410/2089 413/2090 414/2087
f 410/244 409/235 412/243 413/247
f 414/2087 413/2090 416/2094 417/2091
f 413/3497 412/3492 415/3491 416/3498
f 417/2091 416/2094 419/2098 420/2095
f 416/3498 415/3491 418/3496 419/3500
f 420/227 419/221 422/212 423/222
f 419/221 418/215 421/207 422/212
f 423/222 422/212 425/213 426/223
f 422/212 421/207 424/206 425/213
f 426/223 425/213 428/220 429/226
f 425/213 424/206 427/211 428/220
f 429/2105 428/2108 431/2107 432/2106
f 428/220 427/211 430/219 431/225
f 432/2106 431/2107 434/2104 435/2103
f 431/3509 430/3504 433/3503 434/3510
f 435/2103 434/2104 437/2101 438/2100
f 434/3510 433/3503 436/3508 437/3512
f 438/2100 437/2101 440/2097 441/2096
f 437/245 436/239 439/231 440/236
f 441/2096 440/2097 443/2093 444/2092
f 440/236 439/231 442/230 443/237
f 447/274 450/282 486/283 483/275
f 450/3513 453/3514 489/3515 486/3516
f 453/3514 456/3519 492/3520 489/3515
f 456/258 459/248 495/251 492/259
f 459/248 462/249 498/250 495/251
f 462/249 465/254 501/255 498/250
f 465/254 468/262 504/263 501/255
f 468/3522 471/3523 507/3524 504/3525
f 471/3523 474/3526 510/3527 507/3524
f 474/278 477/268 513/271 510/279
f 477/268 480/269 516/270 513/271
f 480/269 447/274 483/275 516/270
f 452/2109 449/2110 445/2111
f 455/2115 452/2109 445/2111
f 458/2119 455/2115 445/2111
f 461/2123 458/2119 445/2111
f 464/2127 461/2123 445/2111
f 467/2131 464/2127 445/2111
f 470/2130 467/2131 445/2111
f 473/2126 470/2130 445/2111
f 476/2122 473/2126 445/2111
f 479/2118 476/2122 445/2111
f 482/2114 479/2118 445/2111
f 449/2110 482/2114 445/2111
f 485/2137 488/2138 446/2139
f 488/2138 491/2142 446/2139
f 491/2142 494/2146 446/2139
f 494/2146 497/2152 446/2139
f 497/2152 500/2157 446/2139
f 500/2157 503/2161 446/2139
f 503/2161 506/2162 446/2139
f 506/2162 509/2158 446/2139
f 509/2158 512/2153 446/2139
f 512/2153 515/2147 446/2139
f 515/2147 518/2143 446/2139
f 518/2143 485/2137 446/2139
f 447/274 448/281 451/286 450/282
f 448/2112 449/2110 452/2109 451/2113
f 450/3513 451/3517 454/3518 453/3514
f 451/2113 452/2109 455/2115 454/2117
f 453/3514 454/3518 457/3521 456/3519
f 454/2117 455/2115 458/2119 457/2121
f 456/258 457/260 460/252 459/248
f 457/2121 458/2119 461/2123 460/2125
f 459/248 460/252 463/253 462/249
f 460/2125 461/2123 464/2127 463/2129
f 462/249 463/253 466/261 465/254
f 463/2129 464/2127 467/2131 466/2135
f 465/254 466/261 469/266 468/262
f 466/2135 467/2131 470/2130 469/2132
f 468/2136 469/2132 472/2128 471/2133
f 469/2132 470/2130 473/2126 472/2128
f 471/2133 472/2128 475/2124 474/2134
f 472/2128 473/2126 476/2122 475/2124
f 474/278 475/280 478/272 477/268
f 475/2124 476/2122 479/2118 478/2120
f 477/268 478/272 481/273 480/269
f 478/2120 479/2118 482/2114 481/2116
f 449/2110 448/2112 481/2116 482/2114
f 448/281 447/274 480/269 481/273
f 483/275 484/284 517/277 516/270
f 484/2140 485/2137 518/2143 517/2144
f 485/2137 484/2140 487/2141 488/2138
f 484/284 483/275 486/283 487/287
f 488/2138 487/2141 490/2145 491/2142
f 487/2141 486/2149 489/2150 490/2145
f 491/2142 490/2145 493/2151 494/2146
f 490/2145 489/2150 492/2155 493/2151
f 494/2146 493/2151 496/2156 497/2152
f 493/265 492/259 495/251 496/256
f 497/2152 496/2156 499/2160 500/2157
f 496/256 495/251 498/250 499/257
f 500/2157 499/2160 502/2164 503/2161
f 499/257 498/250 501/255 502/264
f 503/2161 502/2164 505/2163 506/2162
f 502/264 501/255 504/263 505/267
f 506/2162 505/2163 508/2159 509/2158
f 505/3528 504/3525 507/3524 508/3529
f 509/2158 508/2159 511/2154 512/2153
f 508/3529 507/3524 510/3527 511/3530
f 512/2153 511/2154 514/2148 515/2147
f 511/285 510/279 513/271 514/276
f 515/2147 514/2148 517/2144 518/2143
f 514/276 513/271 516/270 517/277
f 521/314 524/322 560/323 557/315
f 524/3531 527/3532 563/3533 560/3534
f 527/3532 530/3537 566/3538 563/3533
f 530/298 533/288 569/291 566/299
f 533/288 536/289 572/290 569/291
f 536/289 539/294 575/295 572/290
f 539/294 542/302 578/303 575/295
f 542/3543 545/3544 581/3545 578/3546
f 545/3544 548/3549 584/3550 581/3545
f 548/318 551/308 587/311 584/319
f 551/308 554/309 590/310 587/311
f 554/309 521/314 557/315 590/310
f 526/2165 523/2166 519/2167
f 529/2171 526/2165 519/2167
f 532/2175 529/2171 519/2167
f 535/2179 532/2175 519/2167
f 538/2183 535/2179 519/2167
f 541/2187 538/2183 519/2167
f 544/2186 541/2187 519/2167
f 547/2182 544/2186 519/2167
f 550/2178 547/2182 519/2167
f 553/2174 550/2178 519/2167
f 556/2170 553/2174 519/2167
f 523/2166 556/2170 519/2167
f 559/2190 562/2191 520/2192
f 562/2191 565/2195 520/2192
f 565/2195 568/2199 520/2192
f 568/2199 571/2203 520/2192
f 571/2203 574/2207 520/2192
f 574/2207 577/2211 520/2192
f 577/2211 580/2212 520/2192
f 580/2212 583/2208 520/2192
f 583/2208 586/2204 520/2192
f 586/2204 589/2200 520/2192
f 589/2200 592/2196 520/2192
f 592/2196 559/2190 520/2192
f 521/314 522/321 525/326 524/322
f 522/2168 523/2166 526/2165 525/2169
f 524/3531 525/3535 528/3536 527/3532
f 525/2169 526/2165 529/2171 528/2173
f 527/3532 528/3536 531/3541 530/3537
f 528/2173 529/2171 532/2175 531/2177
f 530/298 531/300 534/292 533/288
f 531/2177 532/2175 535/2179 534/2181
f 533/288 534/292 537/293 536/289
f 534/2181 535/2179 538/2183 537/2185
f 536/289 537/293 540/301 539/294
f 537/2185 538/2183 541/2187 540/2189
f 539/294 540/301 543/306 542/302
f 540/2189 541/2187 544/2186 543/2188
f 542/3543 543/3547 546/3548 545/3544
f 543/2188 544/2186 547/2182 546/2184
f 545/3544 546/3548 549/3553 548/3549
f 546/2184 547/2182 550/2178 549/2180
f 548/318 549/320 552/312 551/308
f 549/2180 550/2178 553/2174 552/2176
f 551/308 552/312 555/313 554/309
f 552/2176 553/2174 556/2170 555/2172
f 523/2166 522/2168 555/2172 556/2170
f 522/321 521/314 554/309 555/313
f 557/315 558/324 591/317 590/310
f 558/2193 559/2190 592/2196 591/2197
f 559/2190 558/2193 561/2194 562/2191
f 558/324 557/315 560/323 561/327
f 562/2191 561/2194 564/2198 565/2195
f 561/3539 560/3534 563/3533 564/3540
f 565/2195 564/2198 567/2202 568/2199
f 564/3540 563/3533 566/3538 567/3542
f 568/2199 567/2202 570/2206 571/2203
f 567/305 566/299 569/291 570/296
f 571/2203 570/2206 573/2210 574/2207
f 570/296 569/291 572/290 573/297
f 574/2207 573/2210 576/2214 577/2211
f 573/297 572/290 575/295 576/304
f 577/2211 576/2214 579/2213 580/2212
f 576/304 575/295 578/303 579/307
f 580/2212 579/2213 582/2209 583/2208
f 579/3551 578/3546 581/3545 582/3552
f 583/2208 582/2209 585/2205 586/2204
f 582/3552 581/3545 584/3550 585/3554
f 586/2204 585/2205 588/2201 589/2200
f 585/325 584/319 587/311 588/316
f 589/2200 588/2201 591/2197 592/2196
f 588/316 587/311 590/310 591/317
f 595/354 598/362 634/363 631/355
f 598/3555 601/3556 637/3557 634/3558
f 601/3556 604/3561 640/3562 637/3557
f 604/338 607/328 643/331 640/339
f 607/328 610/329 646/330 643/331
f 610/329 613/334 649/335 646/330
f 613/334 616/342 652/343 649/335
f 616/3567 619/3568 655/3569 652/3570
f 619/3568 622/3573 658/3574 655/3569
f 622/358 625/348 661/351 658/359
f 625/348 628/349 664/350 661/351
f 628/349 595/354 631/355 664/350
f 600/2215 597/2216 593/2217
f 603/2221 600/2215 593/2217
f 606/2225 603/2221 593/2217
f 609/2229 606/2225 593/2217
f 612/2233 609/2229 593/2217
f 615/2237 612/2233 593/2217
f 618/2236 615/2237 593/2217
f 621/2232 618/2236 593/2217
f 624/2228 621/2232 593/2217
f 627/2224 624/2228 593/2217
f 630/2220 627/2224 593/2217
f 597/2216 630/2220 593/2217
f 633/2240 636/2241 594/2242
f 636/2241 639/2245 594/2242
f 639/2245 642/2249 594/2242
f 642/2249 645/2253 594/2242
f 645/2253 648/2257 594/2242
f 648/2257 651/2261 594/2242
f 651/2261 654/2262 594/2242
f 654/2262 657/2258 594/2242
f 657/2258 660/2254 594/2242
f 660/2254 663/2250 594/2242
f 663/2250 666/2246 594/2242
f 666/2246 633/2240 594/2242
f 595/354 596/361 599/366 598/362
f 596/2218 597/2216 600/2215 599/2219
f 598/3555 599/3559 602/3560 601/3556
f 599/2219 600/2215 603/2221 602/2223
f 601/3556 602/3560 605/3565 604/3561
f 602/2223 603/2221 606/2225 605/2227
f 604/338 605/340 608/332 607/328
f 605/2227 606/2225 609/2229 608/2231
f 607/328 608/332 611/333 610/329
f 608/2231 609/2229 612/2233 611/2235
f 610/329 611/333 614/341 613/334
f 611/2235 612/2233 615/2237 614/2239
f 613/334 614/341 617/346 616/342
f 614/2239 615/2237 618/2236 617/2238
f 616/3567 617/3571 620/3572 619/3568
f 617/2238 618/2236 621/2232 620/2234
f 619/3568 620/3572 623/3577 622/3573
f 620/2234 621/2232 624/2228 623/2230
f 622/358 623/360 626/352 625/348
f 623/2230 624/2228 627/2224 626/2226
f 625/348 626/352 629/353 628/349
f 626/2226 627/2224 630/2220 629/2222
f 597/2216 596/2218 629/2222 630/2220
f 596/361 595/354 628/349 629/353
f 631/355 632/364 665/357 664/350
f 632/2243 633/2240 666/2246 665/2247
f 633/2240 632/2243 635/2244 636/2241
f 632/364 631/355 634/363 635/367
f 636/2241 635/2244 638/2248 639/2245
f 635/3563 634/3558 637/3557 638/3564
f 639/2245 638/2248 641/2252 642/2249
f 638/3564 637/3557 640/3562 641/3566
f 642/2249 641/2252 644/2256 645/2253
f 641/345 640/339 643/331 644/336
f 645/2253 644/2256 647/2260 648/2257
f 644/336 643/331 646/330 647/337
f 648/2257 647/2260 650/2264 651/2261
f 647/337 646/330 649/335 650/344
f 651/2261 650/2264 653/2263 654/2262
f 650/344 649/335 652/343 653/347
f 654/2262 653/2263 656/2259 657/2258
f 653/3575 652/3570 655/3569 656/3576
f 657/2258 656/2259 659/2255 660/2254
f 656/3576 655/3569 658/3574 659/3578
f 660/2254 659/2255 662/2251 663/2250
f 659/365 658/359 661/351 662/356
f 663/2250 662/2251 665/2247 666/2246
f 662/356 661/351 664/350 665/357
f 669/394 672/402 708/403 705/395
f 672/3579 675/3580 711/3581 708/3582
f 675/3580 678/3585 714/3586 711/3581
f 678/378 681/368 717/371 714/379
f 681/368 684/369 720/370 717/371
f 684/369 687/374 723/375 720/370
f 687/374 690/382 726/383 723/375
f 690/3591 693/3592 729/3593 726/3594
f 693/3592 696/3597 732/3598 729/3593
f 696/398 699/388 735/391 732/399
f 699/388 702/389 738/390 735/391
f 702/389 669/394 705/395 738/390
f 674/2265 671/2266 667/2267
f 677/2271 674/2265 667/2267
f 680/2275 677/2271 667/2267
f 683/2279 680/2275 667/2267
f 686/2283 683/2279 667/2267
f 689/2287 686/2283 667/2267
f 692/2286 689/2287 667/2267
f 695/2282 692/2286 667/2267
f 698/2278 695/2282 667/2267
f 701/2274 698/2278 667/2267
f 704/2270 701/2274 667/2267
f 671/2266 704/2270 667/2267
f 707/2290 710/2291 668/2292
f 710/2291 713/2295 668/2292
f 713/2295 716/2299 668/2292
f 716/2299 719/2303 668/2292
f 719/2303 722/2307 668/2292
f 722/2307 725/2311 668/2292
f 725/2311 728/2312 668/2292
f 728/2312 731/2308 668/2292
f 731/2308 734/2304 668/2292
f 734/2304 737/2300 668/2292
f 737/2300 740/2296 668/2292
f 740/2296 707/2290 668/2292
f 669/394 670/401 673/406 672/402
f 670/2268 671/2266 674/2265 673/2269
f 672/3579 673/3583 676/3584 675/3580
f 673/2269 674/2265 677/2271 676/2273
f 675/3580 676/3584 679/3589 678/3585
f 676/2273 677/2271 680/2275 679/2277
f 678/378 679/380 682/372 681/368
f 679/2277 680/2275 683/2279 682/2281
f 681/368 682/372 685/373 684/369
f 682/2281 683/2279 686/2283 685/2285
f 684/369 685/373 688/381 687/374
f 685/2285 686/2283 689/2287 688/2289
f 687/374 688/381 691/386 690/382
f 688/2289 689/2287 692/2286 691/2288
f 690/3591 691/3595 694/3596 693/3592
f 691/2288 692/2286 695/2282 694/2284
f 693/3592 694/3596 697/3601 696/3597
f 694/2284 695/2282 698/2278 697/2280
f 696/398 697/400 700/392 699/388
f 697/2280 698/2278 701/2274 700/2276
f 699/388 700/392 703/393 702/389
f 700/2276 701/2274 704/2270 703/2272
f 671/2266 670/2268 703/2272 704/2270
f 670/401 669/394 702/389 703/393
f 705/395 706/404 739/397 738/390
f 706/2293 707/2290 740/2296 739/2297
f 707/2290 706/2293 709/2294 710/2291
f 706/404 705/395 708/403 709/407
f 710/2291 709/2294 712/2298 713/2295
f 709/3587 708/3582 711/3581 712/3588
f 713/2295 712/2298 715/2302 716/2299
f 712/3588 711/3581 714/3586 715/3590
f 716/2299 715/2302 718/2306 719/2303
f 715/385 714/379 717/371 718/376
f 719/2303 718/2306 721/2310 722/2307
f 718/376 717/371 720/370 721/377
f 722/2307 721/2310 724/2314 725/2311
f 721/377 720/370 723/375 724/384
f 725/2311 724/2314 727/2313 728/2312
f 724/384 723/375 726/383 727/387
f 728/2312 727/2313 730/2309 731/2308
f 727/3599 726/3594 729/3593 730/3600
f 731/2308 730/2309 733/2305 734/2304
f 730/3600 729/3593 732/3598 733/3602
f 734/2304 733/2305 736/2301 737/2300
f 733/405 732/399 735/391 736/396
f 737/2300 736/2301 739/2297 740/2296
f 736/396 735/391 738/390 739/397
f 789/2367 760/2366 761/2370 790/2371
f 790/3603 761/3604 762/3605 791/3606
f 791/2315 762/2316 763/2317 792/2318
f 792/2318 763/2317 764/2321 793/2322
f 793/3633 764/3634 759/3635 794/3636
f 794/2364 759/2365 760/2366 789/2367
f 754/408 765/409 766/410 755/411
f 755/411 766/410 767/416 756/417
f 756/456 767/457 768/453 757/452
f 757/452 768/453 769/454 758/455
f 758/455 769/454 770/460 753/461
f 753/412 770/413 765/409 754/408
f 765/409 771/414 772/415 766/410
f 766/2344 772/2345 773/2334 767/2339
f 767/2339 773/2334 774/2335 768/2340
f 768/453 774/458 775/459 769/454
f 769/2396 775/2397 776/2384 770/2390
f 770/2390 776/2384 771/2385 765/2391
f 771/414 777/421 778/422 772/415
f 772/3617 778/3613 779/3614 773/3618
f 773/2334 779/2329 780/2330 774/2335
f 774/458 780/465 781/466 775/459
f 775/3647 781/3643 782/3644 776/3648
f 776/2384 782/2378 777/2379 771/2385
f 777/421 783/427 784/428 778/422
f 778/3613 784/3609 785/3610 779/3614
f 779/2329 785/2323 786/2324 780/2330
f 780/465 786/471 787/472 781/466
f 781/3643 787/3639 788/3640 782/3644
f 782/2378 788/2372 783/2373 777/2379
f 783/2373 789/2367 790/2371 784/2377
f 784/3609 790/3603 791/3606 785/3610
f 785/2323 791/2315 792/2318 786/2324
f 786/2324 792/2318 793/2322 787/2328
f 787/3639 793/3633 794/3636 788/3640
f 788/2372 794/2364 789/2367 783/2373
f 819/2419 748/2418 749/2422 820/2423
f 820/3663 749/3664 750/3665 821/3666
f 821/2449 750/2451 751/2452 822/2450
f 822/2450 751/2452 752/2455 823/2456
f 823/3693 752/3694 747/3695 824/3696
f 824/2416 747/2417 748/2418 819/2419
f 742/434 795/438 796/439 743/435
f 743/435 796/439 797/440 744/436
f 744/481 797/485 798/482 745/478
f 745/478 798/482 799/483 746/479
f 746/479 799/483 800/484 741/480
f 741/4356 800/4357 795/4358 742/4359
f 795/438 801/441 802/442 796/439
f 796/3681 802/3677 803/3678 797/3682
f 797/485 803/488 804/486 798/482
f 798/482 804/486 805/487 799/483
f 799/3711 805/3707 806/3708 800/3712
f 800/443 806/444 801/441 795/438
f 801/441 807/445 808/446 802/442
f 802/3677 808/3673 809/3674 803/3678
f 803/488 809/491 810/489 804/486
f 804/486 810/489 811/490 805/487
f 805/3707 811/3703 812/3704 806/3708
f 806/444 812/447 807/445 801/441
f 807/445 813/448 814/449 808/446
f 808/3673 814/3669 815/3670 809/3674
f 809/2445 815/2446 816/2447 810/2448
f 810/489 816/492 817/493 811/490
f 811/3703 817/3699 818/3700 812/3704
f 812/2429 818/2424 813/2425 807/2430
f 813/448 819/450 820/451 814/449
f 814/3669 820/3663 821/3666 815/3670
f 815/2446 821/2449 822/2450 816/2447
f 816/492 822/494 823/495 817/493
f 817/3699 823/3693 824/3696 818/3700
f 818/2424 824/2416 819/2419 813/2425
f 759/2365 825/2368 829/2369 760/2366
f 760/2366 829/2369 830/2376 761/2370
f 761/3604 830/3607 828/3608 762/3605
f 762/2316 828/2319 827/2320 763/2317
f 763/2317 827/2320 826/2327 764/2321
f 764/3634 826/3637 825/3638 759/3635
f 831/3642 833/3641 839/3645 838/3646
f 844/2381 832/2374 831/2383 838/2387
f 843/2380 837/2375 832/2374 844/2381
f 833/2333 834/2326 840/2332 839/2338
f 834/2326 835/2325 841/2331 840/2332
f 835/3612 836/3611 842/3615 841/3616
f 836/2382 837/2375 843/2380 842/2386
f 831/2383 832/2374 825/2368
f 825/3638 826/3637 833/3641 831/3642
f 826/2327 827/2320 834/2326 833/2333
f 827/2320 828/2319 835/2325 834/2326
f 828/3608 830/3607 836/3611 835/3612
f 832/2374 837/2375 829/2369 825/2368
f 837/2375 836/2382 830/2376 829/2369
f 845/3698 846/3697 874/3701 869/3702
f 869/2426 870/2427 849/2421 845/2420
f 846/2459 847/2454 873/2458 874/2462
f 847/2454 848/2453 872/2457 873/2458
f 848/3668 850/3667 871/3671 872/3672
f 870/2427 871/2433 850/2428 849/2421
f 747/2417 845/2420 849/2421 748/2418
f 748/2418 849/2421 850/2428 749/2422
f 749/3664 850/3667 848/3668 750/3665
f 750/2451 848/2453 847/2454 751/2452
f 751/2452 847/2454 846/2459 752/2455
f 752/3694 846/3697 845/3698 747/3695
f 853/462 852/468 855/469 854/463
f 852/468 851/474 856/475 855/469
f 753/461 866/467 853/462 758/455
f 853/462 854/463 757/452 758/455
f 854/463 857/464 756/456 757/452
f 857/423 860/418 755/411 756/417
f 860/418 863/419 754/408 755/411
f 863/419 866/420 753/412 754/408
f 745/478 746/479 856/475 851/474
f 746/479 741/480 859/476 856/475
f 741/437 742/434 862/430 859/433
f 742/434 743/435 865/431 862/430
f 743/435 744/436 868/432 865/431
f 851/474 868/477 744/481 745/478
f 854/463 855/469 858/470 857/464
f 855/469 856/475 859/476 858/470
f 857/423 858/429 861/424 860/418
f 858/429 859/433 862/430 861/424
f 860/418 861/424 864/425 863/419
f 861/424 862/430 865/431 864/425
f 863/419 864/425 867/426 866/420
f 864/425 865/431 868/432 867/426
f 851/474 852/468 867/473 868/477
f 852/468 853/462 866/467 867/473
f 923/2403 924/2404 895/2401 894/2400
f 924/3625 925/3626 896/3624 895/3623
f 925/2350 926/2351 897/2348 896/2347
f 926/2351 927/2352 898/2349 897/2348
f 927/3655 928/3656 893/3654 898/3653
f 928/2402 923/2403 894/2400 893/2399
f 888/496 889/497 900/498 899/499
f 889/497 890/502 901/503 900/498
f 890/550 891/540 902/543 901/551
f 891/540 892/541 903/542 902/543
f 892/541 887/546 904/547 903/542
f 887/506 888/496 899/499 904/507
f 899/499 900/498 906/504 905/505
f 900/2362 901/2360 907/2358 906/2363
f 901/2360 902/2361 908/2359 907/2358
f 902/543 903/542 909/548 908/549
f 903/2414 904/2412 910/2410 909/2415
f 904/2412 899/2413 905/2411 910/2410
f 905/505 906/504 912/512 911/513
f 906/3631 907/3632 913/3630 912/3629
f 907/2358 908/2359 914/2357 913/2356
f 908/549 909/548 915/556 914/557
f 909/3661 910/3662 916/3660 915/3659
f 910/2410 905/2411 911/2409 916/2408
f 911/513 912/512 918/518 917/519
f 912/3629 913/3630 919/3628 918/3627
f 913/2356 914/2357 920/2354 919/2353
f 914/557 915/556 921/562 920/563
f 915/3659 916/3660 922/3658 921/3657
f 916/2408 911/2409 917/2406 922/2405
f 917/2406 918/2407 924/2404 923/2403
f 918/3627 919/3628 925/3626 924/3625
f 919/2353 920/2354 926/2351 925/2350
f 920/2354 921/2355 927/2352 926/2351
f 921/3657 922/3658 928/3656 927/3655
f 922/2405 917/2406 923/2403 928/2402
f 953/2438 954/2442 883/2439 882/2435
f 954/3683 955/3684 884/3680 883/3679
f 955/2467 956/2468 885/2465 884/2464
f 956/2468 957/2469 886/2466 885/2465
f 957/3713 958/3714 881/3710 886/3709
f 958/2437 953/2438 882/2435 881/2434
f 876/522 877/523 930/526 929/527
f 877/523 878/525 931/528 930/526
f 878/568 879/566 932/571 931/572
f 879/566 880/567 933/570 932/571
f 880/567 875/569 934/573 933/570
f 875/4360 876/4361 929/4362 934/4363
f 929/527 930/526 936/529 935/530
f 930/3691 931/3692 937/3690 936/3689
f 931/572 932/571 938/575 937/576
f 932/571 933/570 939/574 938/575
f 933/3721 934/3722 940/3720 939/3719
f 934/533 929/527 935/530 940/534
f 935/530 936/529 942/531 941/532
f 936/3689 937/3690 943/3688 942/3687
f 937/576 938/575 944/578 943/579
f 938/575 939/574 945/577 944/578
f 939/3719 940/3720 946/3718 945/3717
f 940/534 935/530 941/532 946/537
f 941/532 942/531 948/535 947/536
f 942/3687 943/3688 949/3686 948/3685
f 943/2472 944/2473 950/2471 949/2470
f 944/578 945/577 951/580 950/581
f 945/3717 946/3718 952/3716 951/3715
f 946/2443 941/2444 947/2441 952/2440
f 947/536 948/535 954/538 953/539
f 948/3685 949/3686 955/3684 954/3683
f 949/2470 950/2471 956/2468 955/2467
f 950/581 951/580 957/582 956/583
f 951/3715 952/3716 958/3714 957/3713
f 952/2440 947/2441 953/2438 958/2437
f 893/2399 894/2400 963/2395 959/2394
f 894/2400 895/2401 964/2398 963/2395
f 895/3623 896/3624 962/3621 964/3622
f 896/2347 897/2348 961/2342 962/2343
f 897/2348 898/2349 960/2346 961/2342
f 898/3653 893/3654 959/3651 960/3652
f 965/3649 838/3646 839/3645 967/3650
f 844/2381 838/2387 965/2393 966/2388
f 843/2380 844/2381 966/2388 971/2389
f 967/2341 839/2338 840/2332 968/2336
f 968/2336 840/2332 841/2331 969/2337
f 969/3619 841/3616 842/3615 970/3620
f 970/2392 842/2386 843/2380 971/2389
f 965/2393 959/2394 966/2388
f 959/3651 965/3649 967/3650 960/3652
f 960/2346 967/2341 968/2336 961/2342
f 961/2342 968/2336 969/2337 962/2343
f 962/3621 969/3619 970/3620 964/3622
f 966/2388 959/2394 963/2395 971/2389
f 971/2389 963/2395 964/2398 970/2392
f 972/3705 869/3702 874/3701 973/3706
f 869/2426 972/2431 976/2432 870/2427
f 973/2463 874/2462 873/2458 974/2460
f 974/2460 873/2458 872/2457 975/2461
f 975/3675 872/3672 871/3671 977/3676
f 870/2427 976/2432 977/2436 871/2433
f 881/2434 882/2435 976/2432 972/2431
f 882/2435 883/2439 977/2436 976/2432
f 883/3679 884/3680 975/3675 977/3676
f 884/2464 885/2465 974/2460 975/2461
f 885/2465 886/2466 973/2463 974/2460
f 886/3709 881/3710 972/3705 973/3706
f 980/544 981/545 982/554 979/555
f 979/555 982/554 983/560 978/561
f 887/546 892/541 980/544 993/552
f 980/544 892/541 891/540 981/545
f 981/545 891/540 890/550 984/553
f 984/508 890/502 889/497 987/500
f 987/500 889/497 888/496 990/501
f 990/501 888/496 887/506 993/509
f 879/566 978/561 983/560 880/567
f 880/567 983/560 986/565 875/569
f 875/524 986/520 989/517 876/522
f 876/522 989/517 992/516 877/523
f 877/523 992/516 995/521 878/525
f 978/561 879/566 878/568 995/564
f 981/545 984/553 985/559 982/554
f 982/554 985/559 986/565 983/560
f 984/508 987/500 988/511 985/514
f 985/514 988/511 989/517 986/520
f 987/500 990/501 991/510 988/511
f 988/511 991/510 992/516 989/517
f 990/501 993/509 994/515 991/510
f 991/510 994/515 995/521 992/516
f 978/561 995/564 994/558 979/555
f 979/555 994/558 993/552 980/544
f 1004/3723 1003/3724 1074/3725 1075/3726
f 1005/2518 1004/2520 1075/2523 1076/2521
f 1006/2519 1005/2518 1076/2521 1077/2522
f 1007/3737 1006/3738 1077/3739 1078/3740
f 1002/2483 1007/2485 1078/2488 1079/2486
f 1003/2484 1002/2483 1079/2486 1074/2487
f 1026/3727 1027/3728 1003/3724 1004/3723
f 1027/2481 1028/2480 1002/2483 1003/2484
f 1028/2480 1029/2482 1007/2485 1002/2483
f 1029/3741 1030/3742 1006/3738 1007/3737
f 1030/2516 1031/2515 1005/2518 1006/2519
f 1031/2515 1026/2517 1004/2520 1005/2518
f 997/584 996/585 1009/586 1008/587
f 996/585 1001/590 1010/591 1009/586
f 1001/626 1000/616 1011/619 1010/627
f 1000/616 999/617 1012/618 1011/619
f 999/617 998/622 1013/623 1012/618
f 998/594 997/584 1008/587 1013/595
f 1008/587 1009/586 1015/592 1014/593
f 1009/586 1010/591 1016/600 1015/592
f 1010/627 1011/619 1017/625 1016/635
f 1011/619 1012/618 1018/624 1017/625
f 1012/618 1013/623 1019/632 1018/624
f 1013/595 1008/587 1014/593 1019/603
f 1014/593 1015/592 1021/601 1020/602
f 1015/2474 1016/2475 1022/2476 1021/2477
f 1016/2475 1017/2478 1023/2479 1022/2476
f 1017/625 1018/624 1024/633 1023/634
f 1018/2509 1019/2510 1025/2511 1024/2512
f 1019/2510 1014/2513 1020/2514 1025/2511
f 1020/3731 1021/3732 1027/3728 1026/3727
f 1021/2477 1022/2476 1028/2480 1027/2481
f 1022/2476 1023/2479 1029/2482 1028/2480
f 1023/3745 1024/3746 1030/3742 1029/3741
f 1024/2512 1025/2511 1031/2515 1030/2516
f 1025/2511 1020/2514 1026/2517 1031/2515
f 1033/588 1032/589 996/585 997/584
f 1034/599 1033/588 997/584 998/594
f 1035/621 1034/630 998/622 999/617
f 1036/620 1035/621 999/617 1000/616
f 1037/631 1036/620 1000/616 1001/626
f 1032/589 1037/598 1001/590 996/585
f 1046/3751 1081/3752 1080/3753 1045/3754
f 1047/2582 1082/2585 1081/2589 1046/2586
f 1048/2581 1083/2584 1082/2585 1047/2582
f 1049/3765 1084/3766 1083/3767 1048/3768
f 1044/2553 1085/2556 1084/2560 1049/2557
f 1045/2552 1080/2555 1085/2556 1044/2553
f 1068/3757 1046/3751 1045/3754 1069/3758
f 1069/2548 1045/2552 1044/2553 1070/2549
f 1070/2549 1044/2553 1049/2557 1071/2554
f 1071/3771 1049/3765 1048/3768 1072/3772
f 1072/2577 1048/2581 1047/2582 1073/2578
f 1073/2578 1047/2582 1046/2586 1068/2583
f 1039/596 1050/605 1051/606 1038/597
f 1038/597 1051/606 1052/611 1043/607
f 1043/636 1052/640 1053/637 1042/628
f 1042/628 1053/637 1054/638 1041/629
f 1041/629 1054/638 1055/643 1040/639
f 1040/604 1055/608 1050/605 1039/596
f 1050/605 1056/609 1057/610 1051/606
f 1051/606 1057/610 1058/615 1052/611
f 1052/640 1058/644 1059/641 1053/637
f 1053/637 1059/641 1060/642 1054/638
f 1054/638 1060/642 1061/647 1055/643
f 1055/608 1061/612 1056/609 1050/605
f 1056/609 1062/613 1063/614 1057/610
f 1057/2544 1063/2545 1064/2546 1058/2547
f 1058/2547 1064/2546 1065/2550 1059/2551
f 1059/641 1065/645 1066/646 1060/642
f 1060/2573 1066/2574 1067/2575 1061/2576
f 1061/2576 1067/2575 1062/2579 1056/2580
f 1062/3761 1068/3757 1069/3758 1063/3762
f 1063/2545 1069/2548 1070/2549 1064/2546
f 1064/2546 1070/2549 1071/2554 1065/2550
f 1065/3775 1071/3771 1072/3772 1066/3776
f 1066/2574 1072/2577 1073/2578 1067/2575
f 1067/2575 1073/2578 1068/2583 1062/2579
f 1033/588 1039/596 1038/597 1032/589
f 1034/599 1040/604 1039/596 1033/588
f 1035/621 1041/629 1040/639 1034/630
f 1036/620 1042/628 1041/629 1035/621
f 1037/631 1043/636 1042/628 1036/620
f 1032/589 1038/597 1043/607 1037/598
f 1094/3729 1075/3726 1074/3725 1093/3730
f 1095/2525 1076/2521 1075/2523 1094/2526
f 1096/2524 1077/2522 1076/2521 1095/2525
f 1097/3743 1078/3740 1077/3739 1096/3744
f 1092/2490 1079/2486 1078/2488 1097/2491
f 1093/2489 1074/2487 1079/2486 1092/2490
f 1116/3733 1094/3729 1093/3730 1117/3734
f 1117/2492 1093/2489 1092/2490 1118/2493
f 1118/2493 1092/2490 1097/2491 1119/2494
f 1119/3747 1097/3743 1096/3744 1120/3748
f 1120/2527 1096/2524 1095/2525 1121/2528
f 1121/2528 1095/2525 1094/2526 1116/2529
f 1087/648 1098/649 1099/650 1086/651
f 1086/2503 1099/2501 1100/2502 1091/2504
f 1091/679 1100/680 1101/676 1090/675
f 1090/675 1101/676 1102/677 1089/678
f 1089/2538 1102/2536 1103/2537 1088/2539
f 1088/652 1103/653 1098/649 1087/648
f 1098/649 1104/654 1105/655 1099/650
f 1099/2501 1105/2498 1106/2499 1100/2502
f 1100/680 1106/685 1107/681 1101/676
f 1101/676 1107/681 1108/682 1102/677
f 1102/2536 1108/2533 1109/2534 1103/2537
f 1103/653 1109/658 1104/654 1098/649
f 1104/654 1110/660 1111/661 1105/655
f 1105/2498 1111/2495 1112/2496 1106/2499
f 1106/2499 1112/2496 1113/2497 1107/2500
f 1107/681 1113/687 1114/688 1108/682
f 1108/2533 1114/2530 1115/2531 1109/2534
f 1109/2534 1115/2531 1110/2532 1104/2535
f 1110/3735 1116/3733 1117/3734 1111/3736
f 1111/2495 1117/2492 1118/2493 1112/2496
f 1112/2496 1118/2493 1119/2494 1113/2497
f 1113/3749 1119/3747 1120/3748 1114/3750
f 1114/2530 1120/2527 1121/2528 1115/2531
f 1115/2531 1121/2528 1116/2529 1110/2532
f 1123/656 1087/648 1086/651 1122/657
f 1124/659 1088/652 1087/648 1123/656
f 1125/2540 1089/2538 1088/2539 1124/2541
f 1126/683 1090/675 1089/678 1125/684
f 1127/686 1091/679 1090/675 1126/683
f 1122/2505 1086/2503 1091/2504 1127/2506
f 1136/3755 1135/3756 1080/3753 1081/3752
f 1137/2588 1136/2592 1081/2589 1082/2585
f 1138/2587 1137/2588 1082/2585 1083/2584
f 1139/3769 1138/3770 1083/3767 1084/3766
f 1134/2559 1139/2563 1084/2560 1085/2556
f 1135/2558 1134/2559 1085/2556 1080/2555
f 1158/3759 1159/3760 1135/3756 1136/3755
f 1159/2561 1160/2562 1134/2559 1135/2558
f 1160/2562 1161/2566 1139/2563 1134/2559
f 1161/3773 1162/3774 1138/3770 1139/3769
f 1162/2590 1163/2591 1137/2588 1138/2587
f 1163/2591 1158/2595 1136/2592 1137/2588
f 1129/663 1128/662 1141/665 1140/666
f 1128/662 1133/668 1142/669 1141/665
f 1133/691 1132/690 1143/693 1142/694
f 1132/690 1131/689 1144/692 1143/693
f 1131/689 1130/695 1145/696 1144/692
f 1130/664 1129/663 1140/666 1145/667
f 1140/666 1141/665 1147/670 1146/671
f 1141/2570 1142/2571 1148/2568 1147/2567
f 1142/694 1143/693 1149/698 1148/699
f 1143/693 1144/692 1150/697 1149/698
f 1144/2599 1145/2600 1151/2597 1150/2596
f 1145/667 1140/666 1146/671 1151/672
f 1146/671 1147/670 1153/673 1152/674
f 1147/2567 1148/2568 1154/2565 1153/2564
f 1148/2568 1149/2572 1155/2569 1154/2565
f 1149/698 1150/697 1156/700 1155/701
f 1150/2596 1151/2597 1157/2594 1156/2593
f 1151/2597 1146/2601 1152/2598 1157/2594
f 1152/3763 1153/3764 1159/3760 1158/3759
f 1153/2564 1154/2565 1160/2562 1159/2561
f 1154/2565 1155/2569 1161/2566 1160/2562
f 1155/3777 1156/3778 1162/3774 1161/3773
f 1156/2593 1157/2594 1163/2591 1162/2590
f 1157/2594 1152/2598 1158/2595 1163/2591
f 1123/656 1122/657 1128/662 1129/663
f 1124/659 1123/656 1129/663 1130/664
f 1125/2540 1124/2541 1130/2542 1131/2543
f 1126/683 1125/684 1131/689 1132/690
f 1127/686 1126/683 1132/690 1133/691
f 1122/2505 1127/2506 1133/2507 1128/2508
f 1166/3779 1165/3780 1168/3781 1167/3782
f 1165/2602 1164/2603 1169/2604 1168/2605
f 1172/702 1171/703 1174/704 1173/705
f 1171/2626 1170/2627 1175/2628 1174/2629
f 1178/2636 1177/2642 1180/2646 1179/2637
f 1177/3791 1176/3787 1181/3788 1180/3792
f 1184/2639 1183/2648 1186/2649 1185/2640
f 1183/718 1182/719 1187/720 1186/721
f 1190/3795 1189/3796 1192/3797 1191/3798
f 1189/2645 1188/2634 1193/2633 1192/2643
f 1196/2611 1195/2618 1198/2621 1197/2612
f 1195/714 1194/711 1199/710 1198/715
f 1202/2614 1201/2623 1204/2624 1203/2615
f 1201/3807 1200/3803 1205/3804 1204/3808
f 1208/724 1207/729 1210/730 1209/725
f 1207/2619 1206/2609 1211/2608 1210/2620
f 1176/3787 1166/3779 1167/3782 1181/3788
f 1200/3803 1190/3795 1191/3798 1205/3804
f 1182/719 1208/724 1209/725 1187/720
f 1173/705 1199/710 1194/711 1172/702
f 1194/711 1212/712 1217/706 1172/702
f 1212/3783 1166/3779 1176/3787 1217/3789
f 1167/3782 1218/3786 1223/3790 1181/3788
f 1218/728 1208/724 1182/719 1223/723
f 1173/705 1224/709 1229/713 1199/710
f 1224/3799 1190/3795 1200/3803 1229/3805
f 1191/3798 1230/3802 1235/3806 1205/3804
f 1230/726 1187/720 1209/725 1235/731
f 1232/2632 1193/2633 1188/2634 1226/2635 1175/2628 1170/2627 1215/2631 1178/2636 1179/2637 1221/2638 1184/2639 1185/2640
f 1211/2608 1206/2609 1220/2610 1169/2604 1164/2603 1214/2607 1196/2611 1197/2612 1227/2613 1202/2614 1203/2615 1233/2616
f 1167/3782 1168/3781 1219/3785 1218/3786
f 1168/2605 1169/2604 1220/2610 1219/2617
f 1170/2627 1171/2626 1216/2630 1215/2631
f 1171/703 1172/702 1217/706 1216/707
f 1173/705 1174/704 1225/708 1224/709
f 1174/2629 1175/2628 1226/2635 1225/2641
f 1179/2637 1180/2646 1222/2647 1221/2638
f 1180/3792 1181/3788 1223/3790 1222/3794
f 1191/3798 1192/3797 1231/3801 1230/3802
f 1192/2643 1193/2633 1232/2632 1231/2644
f 1194/711 1195/714 1213/716 1212/712
f 1195/2618 1196/2611 1214/2607 1213/2606
f 1197/2612 1198/2621 1228/2622 1227/2613
f 1198/715 1199/710 1229/713 1228/717
f 1203/2615 1204/2624 1234/2625 1233/2616
f 1204/3808 1205/3804 1235/3806 1234/3810
f 1164/2603 1165/2602 1213/2606 1214/2607
f 1165/3780 1166/3779 1212/3783 1213/3784
f 1176/3787 1177/3791 1216/3793 1217/3789
f 1177/2642 1178/2636 1215/2631 1216/2630
f 1206/2609 1207/2619 1219/2617 1220/2610
f 1207/729 1208/724 1218/728 1219/732
f 1182/719 1183/718 1222/722 1223/723
f 1183/2648 1184/2639 1221/2638 1222/2647
f 1188/2634 1189/2645 1225/2641 1226/2635
f 1189/3796 1190/3795 1224/3799 1225/3800
f 1200/3803 1201/3807 1228/3809 1229/3805
f 1201/2623 1202/2614 1227/2613 1228/2622
f 1185/2640 1186/2649 1231/2644 1232/2632
f 1186/721 1187/720 1230/726 1231/727
f 1209/725 1210/730 1234/733 1235/731
f 1210/2620 1211/2608 1233/2616 1234/2625
f 1454/2650 1453/2651 1455/2652
f 1456/2656 1454/2650 1455/2652
f 1457/2662 1456/2656 1455/2652
f 1458/2667 1457/2662 1455/2652
f 1459/2672 1458/2667 1455/2652
f 1460/2679 1459/2672 1455/2652
f 1461/2678 1460/2679 1455/2652
f 1462/2671 1461/2678 1455/2652
f 1463/2666 1462/2671 1455/2652
f 1464/2661 1463/2666 1455/2652
f 1465/2655 1464/2661 1455/2652
f 1453/2651 1465/2655 1455/2652
f 1237/766 1238/765 1241/771 1240/772
f 1238/2657 1239/2654 1242/2653 1241/2658
f 1240/3811 1241/3812 1244/3813 1243/3814
f 1241/2658 1242/2653 1245/2660 1244/2663
f 1243/3814 1244/3813 1247/3815 1246/3816
f 1244/2663 1245/2660 1248/2665 1247/2668
f 1246/738 1247/739 1250/735 1249/734
f 1247/2668 1248/2665 1251/2670 1250/2673
f 1249/734 1250/735 1253/736 1252/737
f 1250/735 1251/740 1254/741 1253/736
f 1252/737 1253/736 1256/742 1255/743
f 1253/736 1254/741 1257/747 1256/742
f 1255/743 1256/742 1259/748 1258/749
f 1256/2684 1257/2682 1260/2681 1259/2683
f 1258/3820 1259/3821 1262/3822 1261/3823
f 1259/2683 1260/2681 1263/2676 1262/2680
f 1261/3823 1262/3822 1265/3824 1264/3825
f 1262/2680 1263/2676 1266/2669 1265/2674
f 1264/761 1265/762 1268/758 1267/757
f 1265/2674 1266/2669 1269/2664 1268/2675
f 1267/757 1268/758 1271/759 1270/760
f 1268/758 1269/763 1272/764 1271/759
f 1239/770 1238/765 1271/759 1272/764
f 1238/765 1237/766 1270/760 1271/759
f 1273/2685 1276/2686 1236/2687
f 1276/2686 1279/2690 1236/2687
f 1279/2690 1282/2694 1236/2687
f 1282/2694 1285/2700 1236/2687
f 1285/2700 1288/2705 1236/2687
f 1288/2705 1291/2709 1236/2687
f 1291/2709 1294/2710 1236/2687
f 1294/2710 1297/2706 1236/2687
f 1297/2706 1300/2701 1236/2687
f 1300/2701 1303/2695 1236/2687
f 1303/2695 1306/2691 1236/2687
f 1306/2691 1273/2685 1236/2687
f 1273/2685 1274/2688 1277/2689 1276/2686
f 1274/809 1275/808 1278/814 1277/815
f 1276/2686 1277/2689 1280/2693 1279/2690
f 1277/2689 1278/2697 1281/2698 1280/2693
f 1279/2690 1280/2693 1283/2699 1282/2694
f 1280/2693 1281/2698 1284/2703 1283/2699
f 1282/2694 1283/2699 1286/2704 1285/2700
f 1283/784 1284/785 1287/781 1286/780
f 1285/2700 1286/2704 1289/2708 1288/2705
f 1286/780 1287/781 1290/782 1289/783
f 1288/2705 1289/2708 1292/2712 1291/2709
f 1289/783 1290/782 1293/788 1292/789
f 1291/2709 1292/2712 1295/2711 1294/2710
f 1292/789 1293/788 1296/794 1295/795
f 1294/2710 1295/2711 1298/2707 1297/2706
f 1295/3832 1296/3833 1299/3834 1298/3835
f 1297/2706 1298/2707 1301/2702 1300/2701
f 1298/3835 1299/3834 1302/3838 1301/3839
f 1300/2701 1301/2702 1304/2696 1303/2695
f 1301/804 1302/805 1305/801 1304/800
f 1303/2695 1304/2696 1307/2692 1306/2691
f 1304/800 1305/801 1308/802 1307/803
f 1275/808 1274/809 1307/803 1308/802
f 1274/2688 1273/2685 1306/2691 1307/2692
f 1237/766 1240/772 1309/777 1324/773
f 1240/3811 1243/3814 1312/3817 1309/3818
f 1243/3814 1246/3816 1378/3819 1312/3817
f 1246/738 1249/734 1372/745 1378/746
f 1249/734 1252/737 1366/744 1372/745
f 1252/737 1255/743 1360/750 1366/744
f 1255/743 1258/749 1354/754 1360/750
f 1258/3820 1261/3823 1348/3826 1354/3827
f 1261/3823 1264/3825 1342/3828 1348/3826
f 1264/761 1267/757 1336/768 1342/769
f 1267/757 1270/760 1330/767 1336/768
f 1270/760 1237/766 1324/773 1330/767
f 1321/813 1315/818 1278/814 1275/808
f 1327/807 1321/813 1275/808 1308/802
f 1333/806 1327/807 1308/802 1305/801
f 1339/810 1333/806 1305/801 1302/805
f 1345/3837 1339/3842 1302/3838 1299/3834
f 1351/3836 1345/3837 1299/3834 1296/3833
f 1357/793 1351/798 1296/794 1293/788
f 1363/787 1357/793 1293/788 1290/782
f 1369/786 1363/787 1290/782 1287/781
f 1375/790 1369/786 1287/781 1284/785
f 1318/3844 1375/3845 1284/3846 1281/3847
f 1315/3850 1318/3844 1281/3847 1278/3851
f 1309/777 1310/779 1325/778 1324/773
f 1310/2713 1311/2714 1326/2715 1325/2716
f 1311/2714 1310/2713 1313/2717 1314/2718
f 1310/2713 1309/2723 1312/2724 1313/2717
f 1315/3850 1316/3852 1319/3848 1318/3844
f 1316/2768 1317/2767 1320/2771 1319/2772
f 1318/3844 1319/3848 1376/3849 1375/3845
f 1319/2772 1320/2771 1377/2778 1376/2779
f 1317/2767 1316/2768 1322/2769 1323/2770
f 1316/819 1315/818 1321/813 1322/817
f 1324/773 1325/778 1331/774 1330/767
f 1325/2716 1326/2715 1332/2721 1331/2722
f 1323/2770 1322/2769 1328/2773 1329/2774
f 1322/817 1321/813 1327/807 1328/811
f 1330/767 1331/774 1337/775 1336/768
f 1331/2722 1332/2721 1338/2731 1337/2732
f 1329/2774 1328/2773 1334/2780 1335/2781
f 1328/811 1327/807 1333/806 1334/812
f 1336/768 1337/775 1343/776 1342/769
f 1337/2732 1338/2731 1344/2740 1343/2741
f 1335/2781 1334/2780 1340/2789 1341/2790
f 1334/812 1333/806 1339/810 1340/816
f 1342/3828 1343/3831 1349/3829 1348/3826
f 1343/2741 1344/2740 1350/2750 1349/2751
f 1341/2790 1340/2789 1346/2797 1347/2798
f 1340/3843 1339/3842 1345/3837 1346/3840
f 1348/3826 1349/3829 1355/3830 1354/3827
f 1349/2751 1350/2750 1356/2759 1355/2760
f 1347/2798 1346/2797 1352/2805 1353/2806
f 1346/3840 1345/3837 1351/3836 1352/3841
f 1354/754 1355/756 1361/755 1360/750
f 1355/2760 1356/2759 1362/2753 1361/2752
f 1353/2806 1352/2805 1358/2804 1359/2803
f 1352/799 1351/798 1357/793 1358/797
f 1360/750 1361/755 1367/751 1366/744
f 1361/2752 1362/2753 1368/2743 1367/2742
f 1359/2803 1358/2804 1364/2796 1365/2795
f 1358/797 1357/793 1363/787 1364/791
f 1366/744 1367/751 1373/752 1372/745
f 1367/2742 1368/2743 1374/2735 1373/2734
f 1365/2795 1364/2796 1370/2788 1371/2787
f 1364/791 1363/787 1369/786 1370/792
f 1372/745 1373/752 1379/753 1378/746
f 1373/2734 1374/2735 1380/2726 1379/2725
f 1371/2787 1370/2788 1376/2779 1377/2778
f 1370/792 1369/786 1375/790 1376/796
f 1314/2718 1313/2717 1379/2725 1380/2726
f 1313/2717 1312/2724 1378/2733 1379/2725
f 1387/3853 1381/3854 1384/3855 1390/3856
f 1381/824 1387/825 1393/821 1396/820
f 1396/820 1393/821 1399/822 1402/823
f 1402/823 1399/822 1405/828 1408/829
f 1408/829 1405/828 1411/835 1414/836
f 1414/3862 1411/3863 1417/3864 1420/3865
f 1420/3865 1417/3864 1423/3868 1426/3869
f 1426/844 1423/845 1429/841 1432/840
f 1432/840 1429/841 1435/842 1438/843
f 1438/843 1435/842 1441/848 1444/849
f 1444/849 1441/848 1447/855 1450/856
f 1450/3857 1447/3858 1390/3856 1384/3855
f 1311/2714 1314/2718 1386/2727 1383/2719
f 1320/2771 1317/2767 1389/2776 1392/2777
f 1317/2767 1323/2770 1395/2775 1389/2776
f 1326/2715 1311/2714 1383/2719 1398/2720
f 1323/2770 1329/2774 1401/2782 1395/2775
f 1332/2721 1326/2715 1398/2720 1404/2730
f 1329/2774 1335/2781 1407/2791 1401/2782
f 1338/2731 1332/2721 1404/2730 1410/2739
f 1335/2781 1341/2790 1413/2799 1407/2791
f 1344/2740 1338/2731 1410/2739 1416/2749
f 1341/2790 1347/2798 1419/2807 1413/2799
f 1350/2750 1344/2740 1416/2749 1422/2758
f 1347/2798 1353/2806 1425/2811 1419/2807
f 1356/2759 1350/2750 1422/2758 1428/2764
f 1353/2806 1359/2803 1431/2810 1425/2811
f 1362/2753 1356/2759 1428/2764 1434/2761
f 1359/2803 1365/2795 1437/2802 1431/2810
f 1368/2743 1362/2753 1434/2761 1440/2754
f 1365/2795 1371/2787 1443/2794 1437/2802
f 1374/2735 1368/2743 1440/2754 1446/2744
f 1371/2787 1377/2778 1449/2786 1443/2794
f 1380/2726 1374/2735 1446/2744 1452/2736
f 1377/2778 1320/2771 1392/2777 1449/2786
f 1314/2718 1380/2726 1452/2736 1386/2727
f 1381/2746 1382/2728 1385/2737 1384/2747
f 1382/2728 1383/2719 1386/2727 1385/2737
f 1384/2747 1385/2737 1451/2745 1450/2756
f 1385/2737 1386/2727 1452/2736 1451/2745
f 1387/825 1388/832 1394/826 1393/821
f 1388/2783 1389/2776 1395/2775 1394/2784
f 1389/2776 1388/2783 1391/2785 1392/2777
f 1388/3859 1387/3853 1390/3856 1391/3860
f 1393/821 1394/826 1400/827 1399/822
f 1394/2784 1395/2775 1401/2782 1400/2792
f 1383/2719 1382/2728 1397/2729 1398/2720
f 1382/833 1381/824 1396/820 1397/830
f 1399/822 1400/827 1406/834 1405/828
f 1400/2792 1401/2782 1407/2791 1406/2800
f 1398/2720 1397/2729 1403/2738 1404/2730
f 1397/830 1396/820 1402/823 1403/831
f 1405/828 1406/834 1412/838 1411/835
f 1406/2800 1407/2791 1413/2799 1412/2808
f 1404/2730 1403/2738 1409/2748 1410/2739
f 1403/831 1402/823 1408/829 1409/837
f 1411/3863 1412/3866 1418/3867 1417/3864
f 1412/2808 1413/2799 1419/2807 1418/2812
f 1410/2739 1409/2748 1415/2757 1416/2749
f 1409/837 1408/829 1414/836 1415/839
f 1417/3864 1418/3867 1424/3872 1423/3868
f 1418/2812 1419/2807 1425/2811 1424/2814
f 1416/2749 1415/2757 1421/2763 1422/2758
f 1415/3870 1414/3862 1420/3865 1421/3871
f 1423/845 1424/852 1430/846 1429/841
f 1424/2814 1425/2811 1431/2810 1430/2813
f 1422/2758 1421/2763 1427/2766 1428/2764
f 1421/3871 1420/3865 1426/3869 1427/3873
f 1429/841 1430/846 1436/847 1435/842
f 1430/2813 1431/2810 1437/2802 1436/2809
f 1428/2764 1427/2766 1433/2765 1434/2761
f 1427/853 1426/844 1432/840 1433/850
f 1435/842 1436/847 1442/854 1441/848
f 1436/2809 1437/2802 1443/2794 1442/2801
f 1434/2761 1433/2765 1439/2762 1440/2754
f 1433/850 1432/840 1438/843 1439/851
f 1441/848 1442/854 1448/858 1447/855
f 1442/2801 1443/2794 1449/2786 1448/2793
f 1440/2754 1439/2762 1445/2755 1446/2744
f 1439/851 1438/843 1444/849 1445/857
f 1392/2777 1391/2785 1448/2793 1449/2786
f 1391/3860 1390/3856 1447/3858 1448/3861
f 1446/2744 1445/2755 1451/2745 1452/2736
f 1445/857 1444/849 1450/856 1451/859
f 1242/2653 1239/2654 1453/2651 1454/2650
f 1245/2660 1242/2653 1454/2650 1456/2656
f 1248/2665 1245/2660 1456/2656 1457/2662
f 1251/2670 1248/2665 1457/2662 1458/2667
f 1254/2677 1251/2670 1458/2667 1459/2672
f 1257/2682 1254/2677 1459/2672 1460/2679
f 1260/2681 1257/2682 1460/2679 1461/2678
f 1263/2676 1260/2681 1461/2678 1462/2671
f 1266/2669 1263/2676 1462/2671 1463/2666
f 1269/2664 1266/2669 1463/2666 1464/2661
f 1272/2659 1269/2664 1464/2661 1465/2655
f 1239/2654 1272/2659 1465/2655 1453/2651
f 1466/3874 1489/3875 1490/3876 1467/3877
f 1467/3877 1490/3876 1491/3880 1468/3881
f 1468/3881 1491/3880 1492/3884 1469/3885
f 1469/3885 1492/3884 1493/3888 1470/3889
f 1470/3889 1493/3888 1494/3890 1471/3891
f 1471/3891 1494/3890 1495/3892 1472/3893
f 1472/3893 1495/3892 1496/3894 1473/3895
f 1473/3895 1496/3894 1497/3896 1474/3897
f 1474/3897 1497/3896 1498/3898 1475/3899
f 1475/3899 1498/3898 1499/3900 1476/3901
f 1476/3902 1499/3903 1500/3904 1477/3905
f 1477/3905 1500/3904 1501/3906 1478/3907
f 1478/3907 1501/3906 1502/3908 1479/3909
f 1479/3909 1502/3908 1503/3910 1480/3911
f 1480/2902 1503/2903 1504/2901 1481/2900
f 1481/2900 1504/2901 1505/2899 1482/2898
f 1482/2898 1505/2899 1506/2897 1483/2896
f 1483/2896 1506/2897 1507/2887 1484/2893
f 1484/2893 1507/2887 1508/2890 1485/2894
f 1485/2894 1508/2890 1509/2892 1486/2895
f 1486/1010 1509/1004 1510/1000 1487/1008
f 1487/1008 1510/1000 1511/1003 1488/1009
f 1512/890 1466/895 1467/896 1513/891
f 1513/891 1467/896 1468/902 1514/897
f 1514/2815 1468/2816 1469/2817 1515/2818
f 1515/908 1469/911 1470/912 1516/909
f 1516/909 1470/912 1471/915 1517/913
f 1517/913 1471/915 1472/918 1518/916
f 1518/2821 1472/2822 1473/2823 1519/2824
f 1519/2824 1473/2823 1474/2825 1520/2826
f 1520/2826 1474/2825 1475/2829 1521/2830
f 1521/2830 1475/2829 1476/2832 1522/2833
f 1522/874 1476/875 1477/869 1523/868
f 1523/868 1477/869 1478/865 1524/864
f 1524/864 1478/865 1479/861 1525/860
f 1525/860 1479/861 1480/862 1526/863
f 1526/863 1480/862 1481/866 1527/867
f 1527/867 1481/866 1482/872 1528/873
f 1528/873 1482/872 1483/877 1529/878
f 1529/878 1483/877 1484/881 1530/882
f 1530/3912 1484/3913 1485/3914 1531/3915
f 1531/885 1485/886 1486/887 1532/888
f 1532/3916 1486/3917 1487/3918 1533/3919
f 1533/3919 1487/3918 1488/3920 1534/3921
f 1535/889 1512/890 1513/891 1536/892
f 1536/892 1513/891 1514/897 1537/898
f 1537/2819 1514/2815 1515/2818 1538/2820
f 1538/907 1515/908 1516/909 1539/910
f 1539/910 1516/909 1517/913 1540/914
f 1540/914 1517/913 1518/916 1541/917
f 1541/2827 1518/2821 1519/2824 1542/2828
f 1542/2828 1519/2824 1520/2826 1543/2831
f 1543/2831 1520/2826 1521/2830 1544/2834
f 1544/2834 1521/2830 1522/2833 1545/2835
f 1545/2835 1522/2833 1523/2836 1546/2837
f 1546/876 1523/868 1524/864 1547/870
f 1547/870 1524/864 1525/860 1548/871
f 1548/2838 1525/2839 1526/2840 1549/2841
f 1549/2841 1526/2840 1527/2842 1550/2843
f 1550/879 1527/867 1528/873 1551/880
f 1551/880 1528/873 1529/878 1552/883
f 1552/883 1529/878 1530/882 1553/884
f 1553/2851 1530/2855 1531/2856 1554/2853
f 1554/2857 1531/2858 1532/2859 1555/2860
f 1555/919 1532/920 1533/921 1556/922
f 1556/922 1533/921 1534/923 1557/924
f 1558/3928 1535/3929 1536/3930 1559/3931
f 1559/3931 1536/3930 1537/3934 1560/3935
f 1560/3935 1537/3934 1538/3938 1561/3939
f 1561/3939 1538/3938 1539/3942 1562/3943
f 1562/3943 1539/3942 1540/3944 1563/3945
f 1563/3945 1540/3944 1541/3946 1564/3947
f 1564/3947 1541/3946 1542/3948 1565/3949
f 1565/3949 1542/3948 1543/3950 1566/3951
f 1566/3951 1543/3950 1544/3952 1567/3953
f 1567/3954 1544/3955 1545/3956 1568/3957
f 1568/3957 1545/3956 1546/3958 1569/3959
f 1569/3959 1546/3958 1547/3960 1570/3961
f 1570/3961 1547/3960 1548/3962 1571/3963
f 1571/2844 1548/2838 1549/2841 1572/2845
f 1572/2845 1549/2841 1550/2843 1573/2846
f 1573/2846 1550/2843 1551/2847 1574/2848
f 1574/2848 1551/2847 1552/2849 1575/2850
f 1575/2850 1552/2849 1553/2851 1576/2852
f 1576/2852 1553/2851 1554/2853 1577/2854
f 1577/930 1554/931 1555/919 1578/925
f 1578/925 1555/919 1556/922 1579/926
f 1579/926 1556/922 1557/924 1580/929
f 1581/939 1558/940 1559/941 1582/942
f 1582/942 1559/941 1560/945 1583/946
f 1583/2861 1560/2862 1561/2863 1584/2864
f 1584/2864 1561/2863 1562/2865 1585/2866
f 1585/988 1562/993 1563/994 1586/989
f 1586/989 1563/994 1564/997 1587/995
f 1587/2879 1564/2880 1565/2874 1588/2873
f 1588/2873 1565/2874 1566/2870 1589/2869
f 1589/2869 1566/2870 1567/2871 1590/2872
f 1590/2872 1567/2871 1568/2875 1591/2876
f 1591/976 1568/977 1569/971 1592/970
f 1592/970 1569/971 1570/965 1593/964
f 1593/964 1570/965 1571/961 1594/960
f 1594/960 1571/961 1572/962 1595/963
f 1595/963 1572/962 1573/966 1596/967
f 1596/967 1573/966 1574/973 1597/974
f 1597/974 1574/973 1575/978 1598/979
f 1598/979 1575/978 1576/981 1599/982
f 1599/982 1576/981 1577/984 1600/985
f 1600/3964 1577/3965 1578/3966 1601/3967
f 1601/3967 1578/3966 1579/3968 1602/3969
f 1602/3969 1579/3968 1580/3970 1603/3971
f 1489/947 1581/939 1582/942 1490/948
f 1490/948 1582/942 1583/946 1491/952
f 1491/2867 1583/2861 1584/2864 1492/2868
f 1492/991 1584/992 1585/988 1493/987
f 1493/987 1585/988 1586/989 1494/990
f 1494/990 1586/989 1587/995 1495/996
f 1495/996 1587/995 1588/998 1496/999
f 1496/2881 1588/2873 1589/2869 1497/2877
f 1497/2877 1589/2869 1590/2872 1498/2878
f 1498/2878 1590/2872 1591/2876 1499/2882
f 1499/2882 1591/2876 1592/2883 1500/2884
f 1500/2884 1592/2883 1593/2885 1501/2886
f 1501/972 1593/964 1594/960 1502/968
f 1502/968 1594/960 1595/963 1503/969
f 1503/969 1595/963 1596/967 1504/975
f 1504/975 1596/967 1597/974 1505/980
f 1505/980 1597/974 1598/979 1506/983
f 1506/983 1598/979 1599/982 1507/986
f 1507/2887 1599/2888 1600/2889 1508/2890
f 1508/2890 1600/2889 1601/2891 1509/2892
f 1509/1004 1601/1005 1602/1001 1510/1000
f 1510/1000 1602/1001 1603/1002 1511/1003
f 1511/1003 1609/1007 1604/1013 1488/1009
f 1488/3920 1604/3922 1605/3923 1534/3921
f 1534/923 1605/927 1606/928 1557/924
f 1557/924 1606/928 1607/934 1580/929
f 1580/3970 1607/3972 1608/3973 1603/3971
f 1603/1002 1608/1006 1609/1007 1511/1003
f 1489/3875 1466/3874 1610/3878 1611/3879
f 1466/895 1512/890 1615/894 1610/901
f 1512/890 1535/889 1614/893 1615/894
f 1535/3929 1558/3928 1613/3932 1614/3933
f 1558/940 1581/939 1612/943 1613/944
f 1581/939 1489/947 1611/949 1612/943
f 1605/3923 1604/3922 1618/3924 1624/3925
f 1606/928 1605/927 1624/932 1627/933
f 1607/934 1606/928 1627/933 1630/937
f 1608/3973 1607/3972 1630/3974 1633/3975
f 1609/1007 1608/1006 1633/1011 1621/1012
f 1604/1013 1609/1007 1621/1012 1618/1016
f 1620/2904 1623/2905 1616/2906
f 1626/2910 1620/2904 1616/2906
f 1629/2914 1626/2910 1616/2906
f 1632/2913 1629/2914 1616/2906
f 1635/2909 1632/2913 1616/2906
f 1623/2905 1635/2909 1616/2906
f 1618/3924 1619/3926 1625/3927 1624/3925
f 1619/2907 1620/2904 1626/2910 1625/2911
f 1620/2904 1619/2907 1622/2908 1623/2905
f 1619/1017 1618/1016 1621/1012 1622/1014
f 1624/932 1625/935 1628/936 1627/933
f 1625/2911 1626/2910 1629/2914 1628/2915
f 1627/933 1628/936 1631/938 1630/937
f 1628/2915 1629/2914 1632/2913 1631/2916
f 1630/3974 1631/3976 1634/3977 1633/3975
f 1631/2916 1632/2913 1635/2909 1634/2912
f 1623/2905 1622/2908 1634/2912 1635/2909
f 1622/1014 1621/1012 1633/1011 1634/1015
f 1611/3879 1610/3878 1636/3882 1639/3883
f 1612/943 1611/949 1639/953 1651/950
f 1613/944 1612/943 1651/950 1648/951
f 1614/3933 1613/3932 1648/3936 1645/3937
f 1615/894 1614/893 1645/899 1642/900
f 1610/901 1615/894 1642/900 1636/905
f 1641/2917 1638/2918 1617/2919
f 1638/2918 1644/2922 1617/2919
f 1644/2922 1647/2925 1617/2919
f 1647/2925 1650/2926 1617/2919
f 1650/2926 1653/2923 1617/2919
f 1653/2923 1641/2917 1617/2919
f 1636/3882 1637/3886 1640/3887 1639/3883
f 1637/2920 1638/2918 1641/2917 1640/2921
f 1639/953 1640/956 1652/955 1651/950
f 1640/956 1641/959 1653/958 1652/955
f 1638/2918 1637/2920 1643/2924 1644/2922
f 1637/906 1636/905 1642/900 1643/903
f 1644/2922 1643/2924 1646/2927 1647/2925
f 1643/903 1642/900 1645/899 1646/904
f 1647/2925 1646/2927 1649/2928 1650/2926
f 1646/3940 1645/3937 1648/3936 1649/3941
f 1650/957 1649/954 1652/955 1653/958
f 1649/954 1648/951 1651/950 1652/955
f 1702/2994 1703/2999 1674/3000 1673/2995
f 1703/3978 1704/3979 1675/3980 1674/3981
f 1704/2929 1705/2930 1676/2931 1675/2932
f 1705/2930 1706/2935 1677/2936 1676/2931
f 1706/4008 1707/4009 1672/4010 1677/4011
f 1707/2993 1702/2994 1673/2995 1672/2996
f 1667/1018 1668/1019 1679/1020 1678/1021
f 1668/2962 1669/2955 1680/2950 1679/2957
f 1669/2955 1670/2956 1681/2951 1680/2950
f 1670/1051 1671/1052 1682/1053 1681/1054
f 1671/3029 1666/3021 1683/3015 1682/3023
f 1666/3021 1667/3022 1678/3016 1683/3015
f 1678/1021 1679/1020 1685/1024 1684/1025
f 1679/2957 1680/2950 1686/2945 1685/2958
f 1680/2950 1681/2951 1687/2946 1686/2945
f 1681/1054 1682/1053 1688/1057 1687/1058
f 1682/3023 1683/3015 1689/3009 1688/3024
f 1683/3015 1678/3016 1684/3010 1689/3009
f 1684/1025 1685/1024 1691/1032 1690/1033
f 1685/3990 1686/3991 1692/3987 1691/3986
f 1686/2945 1687/2946 1693/2940 1692/2939
f 1687/1058 1688/1057 1694/1065 1693/1066
f 1688/4020 1689/4021 1695/4017 1694/4016
f 1689/3009 1684/3010 1690/3004 1695/3003
f 1690/1033 1691/1032 1697/1038 1696/1039
f 1691/3986 1692/3987 1698/3983 1697/3982
f 1692/2939 1693/2940 1699/2934 1698/2933
f 1693/1066 1694/1065 1700/1071 1699/1072
f 1694/4016 1695/4017 1701/4013 1700/4012
f 1695/3003 1690/3004 1696/2998 1701/2997
f 1696/2998 1697/3005 1703/2999 1702/2994
f 1697/3982 1698/3983 1704/3979 1703/3978
f 1698/2933 1699/2934 1705/2930 1704/2929
f 1699/2934 1700/2941 1706/2935 1705/2930
f 1700/4012 1701/4013 1707/4009 1706/4008
f 1701/2997 1696/2998 1702/2994 1707/2993
f 1732/3061 1733/3066 1662/3067 1661/3062
f 1733/4038 1734/4039 1663/4040 1662/4041
f 1734/3091 1735/3090 1664/3092 1663/3093
f 1735/3090 1736/3094 1665/3095 1664/3092
f 1736/4068 1737/4069 1660/4070 1665/4071
f 1737/3060 1732/3061 1661/3062 1660/3063
f 1655/1026 1656/1027 1709/1036 1708/1037
f 1656/1027 1657/1035 1710/1040 1709/1036
f 1657/4062 1658/4063 1711/4058 1710/4055
f 1658/1059 1659/1060 1712/1069 1711/1070
f 1659/1060 1654/1068 1713/1073 1712/1069
f 1654/4092 1655/4093 1708/4088 1713/4085
f 1708/1037 1709/1036 1715/1041 1714/1042
f 1709/4054 1710/4055 1716/4051 1715/4050
f 1710/4055 1711/4058 1717/4059 1716/4051
f 1711/1070 1712/1069 1718/1074 1717/1075
f 1712/4084 1713/4085 1719/4081 1718/4080
f 1713/4085 1708/4088 1714/4089 1719/4081
f 1714/1042 1715/1041 1721/1043 1720/1044
f 1715/4050 1716/4051 1722/4047 1721/4046
f 1716/1080 1717/1075 1723/1077 1722/1081
f 1717/1075 1718/1074 1724/1076 1723/1077
f 1718/4080 1719/4081 1725/4077 1724/4076
f 1719/1047 1714/1042 1720/1044 1725/1048
f 1720/1044 1721/1043 1727/1045 1726/1046
f 1721/4046 1722/4047 1728/4043 1727/4042
f 1722/3086 1723/3087 1729/3088 1728/3089
f 1723/1077 1724/1076 1730/1078 1729/1079
f 1724/4076 1725/4077 1731/4073 1730/4072
f 1725/3070 1720/3071 1726/3065 1731/3064
f 1726/1046 1727/1045 1733/1049 1732/1050
f 1727/4042 1728/4043 1734/4039 1733/4038
f 1728/3089 1729/3088 1735/3090 1734/3091
f 1729/1079 1730/1078 1736/1082 1735/1083
f 1730/4072 1731/4073 1737/4069 1736/4068
f 1731/3064 1726/3065 1732/3061 1737/3060
f 1666/1061 1671/1052 1872/1056 1867/1062
f 1871/1055 1872/1056 1671/1052 1670/1051
f 1870/1063 1871/1055 1670/1051 1669/1064
f 1869/1023 1870/1028 1669/1029 1668/1019
f 1868/1022 1869/1023 1668/1019 1667/1018
f 1867/1030 1868/1022 1667/1018 1666/1031
f 1672/2996 1673/2995 1742/3001 1738/3002
f 1673/2995 1674/3000 1743/3006 1742/3001
f 1674/3981 1675/3980 1741/3984 1743/3985
f 1675/2932 1676/2931 1740/2937 1741/2938
f 1676/2931 1677/2936 1739/2942 1740/2937
f 1677/4011 1672/4010 1738/4014 1739/4015
f 1744/4018 1751/4022 1752/4023 1746/4019
f 1757/3014 1751/3018 1744/3012 1745/3007
f 1756/3013 1757/3014 1745/3007 1750/3008
f 1746/2947 1752/2952 1753/2948 1747/2943
f 1747/2943 1753/2948 1754/2949 1748/2944
f 1748/3988 1754/3992 1755/3993 1749/3989
f 1749/3011 1755/3017 1756/3013 1750/3008
f 1744/3012 1738/3002 1745/3007
f 1738/4014 1744/4018 1746/4019 1739/4015
f 1739/2942 1746/2947 1747/2943 1740/2937
f 1740/2937 1747/2943 1748/2944 1741/2938
f 1741/3984 1748/3988 1749/3989 1743/3985
f 1745/3007 1738/3002 1742/3001 1750/3008
f 1750/3008 1742/3001 1743/3006 1749/3011
f 1806/3035 1777/3032 1778/3033 1807/3036
f 1807/4000 1778/3998 1779/3999 1808/4001
f 1808/2967 1779/2964 1780/2965 1809/2968
f 1809/2968 1780/2965 1781/2966 1810/2969
f 1810/4030 1781/4028 1776/4029 1811/4031
f 1811/3034 1776/3031 1777/3032 1806/3035
f 1771/1084 1782/1085 1783/1086 1772/1087
f 1772/2983 1783/2979 1784/2977 1773/2981
f 1773/2981 1784/2977 1785/2978 1774/2982
f 1774/1110 1785/1111 1786/1112 1775/1113
f 1775/3050 1786/3046 1787/3044 1770/3048
f 1770/3048 1787/3044 1782/3045 1771/3049
f 1782/1085 1788/1088 1789/1089 1783/1086
f 1783/2979 1789/2980 1790/2975 1784/2977
f 1784/2977 1790/2975 1791/2976 1785/2978
f 1785/1111 1791/1114 1792/1115 1786/1112
f 1786/3046 1792/3047 1793/3042 1787/3044
f 1787/3044 1793/3042 1788/3043 1782/3045
f 1788/1088 1794/1092 1795/1093 1789/1089
f 1789/4006 1795/4004 1796/4005 1790/4007
f 1790/2975 1796/2973 1797/2974 1791/2976
f 1791/1114 1797/1118 1798/1119 1792/1115
f 1792/4036 1798/4034 1799/4035 1793/4037
f 1793/3042 1799/3040 1794/3041 1788/3043
f 1794/1092 1800/1096 1801/1097 1795/1093
f 1795/4004 1801/4002 1802/4003 1796/4005
f 1796/2973 1802/2970 1803/2971 1797/2974
f 1797/1118 1803/1122 1804/1123 1798/1119
f 1798/4034 1804/4032 1805/4033 1799/4035
f 1799/3040 1805/3037 1800/3038 1794/3041
f 1800/3038 1806/3035 1807/3036 1801/3039
f 1801/4002 1807/4000 1808/4001 1802/4003
f 1802/2970 1808/2967 1809/2968 1803/2971
f 1803/2971 1809/2968 1810/2969 1804/2972
f 1804/4032 1810/4030 1811/4031 1805/4033
f 1805/3037 1811/3034 1806/3035 1800/3038
f 1836/3080 1765/3077 1766/3078 1837/3081
f 1837/4056 1766/4052 1767/4053 1838/4057
f 1838/3105 1767/3102 1768/3103 1839/3106
f 1839/3106 1768/3103 1769/3104 1840/3107
f 1840/4086 1769/4082 1764/4083 1841/4087
f 1841/3079 1764/3076 1765/3077 1836/3080
f 1759/1090 1812/1094 1813/1095 1760/1091
f 1760/1091 1813/1095 1814/1100 1761/1101
f 1761/3052 1814/3054 1815/3055 1762/3053
f 1762/1116 1815/1120 1816/1121 1763/1117
f 1763/1117 1816/1121 1817/1126 1758/1127
f 1758/2985 1817/2987 1812/2988 1759/2986
f 1812/1094 1818/1098 1819/1099 1813/1095
f 1813/3058 1819/3059 1820/3056 1814/3054
f 1814/3054 1820/3056 1821/3057 1815/3055
f 1815/1120 1821/1124 1822/1125 1816/1121
f 1816/2991 1822/2992 1823/2989 1817/2987
f 1817/2987 1823/2989 1818/2990 1812/2988
f 1818/1098 1824/1102 1825/1103 1819/1099
f 1819/4066 1825/4064 1826/4065 1820/4067
f 1820/1130 1826/1131 1827/1128 1821/1124
f 1821/1124 1827/1128 1828/1129 1822/1125
f 1822/4096 1828/4094 1829/4095 1823/4097
f 1823/1104 1829/1105 1824/1102 1818/1098
f 1824/1102 1830/1106 1831/1107 1825/1103
f 1825/4064 1831/4060 1832/4061 1826/4065
f 1826/3110 1832/3108 1833/3109 1827/3111
f 1827/1128 1833/1132 1834/1133 1828/1129
f 1828/4094 1834/4090 1835/4091 1829/4095
f 1829/3084 1835/3082 1830/3083 1824/3085
f 1830/1106 1836/1108 1837/1109 1831/1107
f 1831/4060 1837/4056 1838/4057 1832/4061
f 1832/3108 1838/3105 1839/3106 1833/3109
f 1833/1132 1839/1134 1840/1135 1834/1133
f 1834/4090 1840/4086 1841/4087 1835/4091
f 1835/3082 1841/3079 1836/3080 1830/3083
f 1770/3048 1761/3052 1762/3053 1775/3050
f 1762/1116 1763/1117 1774/1110 1775/1113
f 1763/2984 1758/2985 1773/2981 1774/2982
f 1758/2985 1759/2986 1772/2983 1773/2981
f 1759/1090 1760/1091 1771/1084 1772/1087
f 1760/3051 1761/3052 1770/3048 1771/3049
f 1776/3031 1842/3028 1846/3027 1777/3032
f 1777/3032 1846/3027 1847/3030 1778/3033
f 1778/3998 1847/3997 1845/3996 1779/3999
f 1779/2964 1845/2961 1844/2960 1780/2965
f 1780/2965 1844/2960 1843/2963 1781/2966
f 1781/4028 1843/4027 1842/4026 1776/4029
f 1848/4024 1850/4025 1752/4023 1751/4022
f 1757/3014 1849/3020 1848/3026 1751/3018
f 1756/3013 1854/3019 1849/3020 1757/3014
f 1850/2959 1851/2953 1753/2948 1752/2952
f 1851/2953 1852/2954 1754/2949 1753/2948
f 1852/3994 1853/3995 1755/3993 1754/3992
f 1853/3025 1854/3019 1756/3013 1755/3017
f 1848/3026 1849/3020 1842/3028
f 1842/4026 1843/4027 1850/4025 1848/4024
f 1843/2963 1844/2960 1851/2953 1850/2959
f 1844/2960 1845/2961 1852/2954 1851/2953
f 1845/3996 1847/3997 1853/3995 1852/3994
f 1849/3020 1854/3019 1846/3027 1842/3028
f 1854/3019 1853/3025 1847/3030 1846/3027
f 1855/4074 1856/4078 1858/4079 1857/4075
f 1856/3073 1855/3069 1863/3068 1864/3074
f 1857/3098 1858/3101 1860/3099 1859/3096
f 1859/3096 1860/3099 1862/3100 1861/3097
f 1861/4044 1862/4048 1866/4049 1865/4045
f 1864/3074 1863/3068 1865/3072 1866/3075
f 1660/3063 1661/3062 1863/3068 1855/3069
f 1661/3062 1662/3067 1865/3072 1863/3068
f 1662/4041 1663/4040 1861/4044 1865/4045
f 1663/3093 1664/3092 1859/3096 1861/3097
f 1664/3092 1665/3095 1857/3098 1859/3096
f 1665/4071 1660/4070 1855/4074 1857/4075
f 1764/3076 1856/3073 1864/3074 1765/3077
f 1765/3077 1864/3074 1866/3075 1766/3078
f 1766/4052 1866/4049 1862/4048 1767/4053
f 1767/3102 1862/3100 1860/3099 1768/3103
f 1768/3103 1860/3099 1858/3101 1769/3104
f 1769/4082 1858/4079 1856/4078 1764/4083
f 1656/1027 1868/1022 1867/1030 1657/1035
f 1655/1026 1869/1023 1868/1022 1656/1027
f 1654/1034 1870/1028 1869/1023 1655/1026
f 1659/1060 1871/1055 1870/1063 1654/1068
f 1658/1059 1872/1056 1871/1055 1659/1060
f 1867/1062 1872/1056 1658/1059 1657/1067
f 1876/1136 1875/1137 1877/1138 1878/1139
f 1878/1139 1877/1138 1879/1144 1880/1145
f 1880/1145 1879/1144 1881/1155 1882/1156
f 1883/1167 1882/1156 1881/1155 1884/1168
f 1885/1169 1886/1157 1880/1145 1882/1156
f 1882/1156 1883/1167 1887/1179 1885/1169
f 1888/1146 1876/1136 1878/1139 1889/1147
f 1880/1145 1886/1157 1889/1147 1878/1139
f 1891/1153 1892/1142 1893/1143 1894/1154
f 1892/1142 1891/1153 1895/1164 1896/1152
f 1896/1152 1895/1164 1897/1174 1898/1163
f 1892/1142 1877/1138 1875/1137 1893/1143
f 1881/1155 1879/1144 1896/1152 1898/1163
f 1896/1152 1879/1144 1877/1138 1892/1142
f 1898/1163 1900/1175 1884/1168 1881/1155
f 1890/1198 1873/1200 1901/1186 1897/1174
f 1898/1163 1897/1174 1901/1186 1900/1175
f 1902/1177 1903/1166 1905/1165 1904/1178
f 1903/1166 1902/1177 1906/1188 1907/1176
f 1907/1176 1906/1188 1908/1197 1909/1185
f 1909/1185 1908/1197 1910/1215 1911/1199
f 1911/1199 1910/1215 1914/1229 1915/1216
f 1912/1259 1913/1249 1916/1230 1917/1248
f 1915/1216 1914/1229 1917/1248 1916/1230
f 1873/1200 1915/1216 1916/1230 1874/1231
f 1873/1200 1890/1198 1911/1199 1915/1216
f 1897/1174 1895/1164 1907/1176 1909/1185
f 1894/1154 1905/1165 1903/1166 1891/1153
f 1907/1176 1895/1164 1891/1153 1903/1166
f 1913/1249 1899/1250 1874/1231 1916/1230
f 1890/1198 1897/1174 1909/1185 1911/1199
f 1918/1301 1919/1302 1920/1303 1921/1304
f 1919/1302 1922/1305 1923/1306 1920/1303
f 1927/1308 1928/1307 1926/1314 1924/1315
f 1928/1307 1929/1313 1925/1322 1926/1314
f 1920/1303 1923/1306 1929/1313 1928/1307
f 1921/1304 1920/1303 1928/1307 1927/1308
f 1933/1374 1935/1375 1934/1376 1932/1377
f 1935/1375 1937/1380 1936/1381 1934/1376
f 1937/1380 1939/1388 1938/1389 1936/1381
f 1940/1398 1941/1399 1938/1389 1939/1388
f 1942/1396 1939/1388 1937/1380 1943/1386
f 1939/1388 1942/1396 1944/1408 1940/1398
f 1945/1378 1946/1379 1935/1375 1933/1374
f 1937/1380 1935/1375 1946/1379 1943/1386
f 1948/1391 1951/1392 1950/1383 1949/1382
f 1949/1382 1953/1390 1952/1401 1948/1391
f 1953/1390 1955/1400 1954/1413 1952/1401
f 1949/1382 1950/1383 1932/1377 1934/1376
f 1938/1389 1955/1400 1953/1390 1936/1381
f 1953/1390 1949/1382 1934/1376 1936/1381
f 1955/1400 1938/1389 1941/1399 1957/1412
f 1947/1437 1954/1413 1958/1424 1930/1438
f 1955/1400 1957/1412 1958/1424 1954/1413
f 1959/1415 1961/1416 1962/1403 1960/1402
f 1960/1402 1964/1414 1963/1426 1959/1415
f 1964/1414 1966/1425 1965/1440 1963/1426
f 1966/1425 1968/1439 1967/1452 1965/1440
f 1968/1439 1972/1451 1971/1468 1967/1452
f 1969/1496 1974/1485 1973/1467 1970/1484
f 1972/1451 1973/1467 1974/1485 1971/1468
f 1930/1438 1931/1466 1973/1467 1972/1451
f 1930/1438 1972/1451 1968/1439 1947/1437
f 1954/1413 1966/1425 1964/1414 1952/1401
f 1951/1392 1948/1391 1960/1402 1962/1403
f 1964/1414 1960/1402 1948/1391 1952/1401
f 1970/1484 1973/1467 1931/1466 1956/1483
f 1947/1437 1968/1439 1966/1425 1954/1413
f 1975/1537 1978/1538 1977/1539 1976/1540
f 1976/1540 1977/1539 1980/1545 1979/1546
f 1984/1543 1981/1550 1983/1551 1985/1544
f 1985/1544 1983/1551 1982/1561 1986/1552
f 1977/1539 1985/1544 1986/1552 1980/1545
f 1978/1538 1984/1543 1985/1544 1977/1539
f 2004/1267 2003/1278 2007/1286 2006/1279
f 2003/1278 2002/1285 2008/1290 2007/1286
f 2010/4117 2009/4137 2091/4138 2090/4126
f 2009/1297 2008/1290 2092/1296 2091/1300
f 2020/1226 2019/1243 2075/1254 2074/1244
f 2019/1243 2018/1224 2076/1242 2075/1254
f 2025/1159 2024/1148 2030/1158 2029/1170
f 2024/1148 2023/1140 2031/1151 2030/1158
f 2046/1260 2045/1269 2051/1271 2050/1262
f 2045/4098 2044/4099 2052/4100 2051/4101
f 2048/4114 2047/4106 2083/4113 2082/4123
f 2047/4106 2052/4100 2084/4105 2083/4113
f 2050/1262 2049/1272 2054/1263 2053/1251
f 2049/4115 2048/4114 2055/4124 2054/4125
f 2072/1490 2071/1502 2337/1491 2336/1477
f 2071/1502 2078/1492 2338/1479 2337/1491
f 2074/3112 2073/3113 2099/3114 2098/3115
f 2073/3113 2072/3118 2100/3119 2099/3114
f 2080/4142 2079/4129 2303/4141 2308/4154
f 2079/4129 2086/4121 2304/4132 2303/4141
f 2082/4123 2081/4130 2141/4143 2140/4133
f 2081/4130 2080/4142 2142/4155 2141/4143
f 2088/4150 2087/4160 2341/4168 2340/4161
f 2087/1536 2094/1534 2342/1526 2341/1532
f 2090/4126 2089/4136 2171/4127 2170/4118
f 2089/4136 2088/4150 2172/4139 2171/4127
f 2115/3124 2114/3125 2117/3126 2116/3127
f 2114/3125 2113/3130 2118/3131 2117/3126
f 2175/1211 2174/1195 2177/1183 2176/1194
f 2174/1195 2173/1184 2178/1173 2177/1183
f 2181/4103 2180/4102 2183/4108 2182/4109
f 2180/1270 2179/1261 2184/1268 2183/1280
f 2195/3149 2194/3150 2234/3151 2233/3152
f 2194/1362 2199/1352 2235/1368 2234/1369
f 2197/1336 2196/1346 2201/1337 2200/1325
f 2196/1346 2195/1356 2202/1347 2201/1337
f 2205/1311 2204/1319 2207/1320 2206/1312
f 2204/1319 2203/1329 2208/1330 2207/1320
f 2213/1359 2212/1364 2242/1371 2241/1372
f 2212/1364 2217/1357 2243/1370 2242/1371
f 2215/1341 2214/1350 2219/1342 2218/1333
f 2214/1350 2213/1359 2220/1351 2219/1342
f 2231/3161 2230/3160 2384/3167 2389/3168
f 2230/1600 2237/1601 2385/1586 2384/1593
f 2233/3152 2232/3153 2256/3157 2255/3155
f 2232/3153 2231/3161 2257/3164 2256/3157
f 2239/1606 2238/1607 2402/1605 2407/1597
f 2238/3182 2245/3183 2403/3184 2402/3185
f 2704/3358 2709/3357 2269/3359 2268/3360
f 2260/3215 2259/3213 2262/3207 2261/3212
f 2259/3213 2258/3209 2263/3202 2262/3207
f 2290/1419 2289/1405 2292/1418 2291/1431
f 2289/1405 2288/1393 2293/1404 2292/1418
f 2296/1433 2295/1421 2298/1432 2297/1447
f 2295/1421 2294/1410 2299/1420 2298/1432
f 2302/4131 2301/4144 2305/4145 2304/4132
f 2301/1504 2300/1495 2306/1494 2305/1505
f 2332/1428 2331/1443 2335/1457 2334/1444
f 2331/1443 2330/1456 2336/1477 2335/1457
f 2365/1429 2364/1445 2367/1430 2366/1417
f 2364/1445 2363/1459 2368/1446 2367/1430
f 2371/1497 2370/1508 2373/1515 2372/1507
f 2370/4152 2369/4140 2374/4151 2373/4162
f 2377/1541 2376/1547 2379/1548 2378/1542
f 2376/1547 2375/1555 2380/1556 2379/1548
f 2383/1578 2382/1568 2386/1577 2385/1586
f 2382/1568 2381/1559 2387/1567 2386/1577
f 2401/1592 2400/1582 2404/1591 2403/1599
f 2400/1582 2399/1571 2405/1581 2404/1591
f 2023/1140 2026/1141 1875/1137 1876/1136
f 2023/1140 1876/1136 1888/1146 2031/1151
f 2032/1150 2035/1162 1894/1154 1893/1143
f 1893/1143 1875/1137 2026/1141 2032/1150
f 1887/1179 1883/1167 2038/1181 2041/1191
f 1899/1250 2046/1260 2050/1262 2053/1251
f 1874/1231 1899/1250 2053/1251 2056/1232
f 1873/1200 1874/1231 2056/1232 2059/1217
f 1884/1168 1900/1175 2062/1187 2065/1180
f 1883/1167 1884/1168 2065/1180 2038/1181
f 1901/1186 1873/1200 2059/1217 2068/1201
f 1900/1175 1901/1186 2068/1201 2062/1187
f 2098/1235 2717/1236 2718/1237 2716/1238 2095/1239 1987/1220 1990/1221
f 2074/1244 2098/1235 1990/1221 2020/1226
f 2107/3142 2104/3145 2037/3148 2034/3147
f 2110/3136 2107/3142 2034/3147 2028/3144
f 2113/3130 2110/3136 2028/3144 2025/3138
f 2118/3131 2113/3130 2025/3138 2029/3139
f 2122/1240 2119/1241 2043/1222 2040/1207
f 2125/3217 2122/3218 2040/3219 2067/3220
f 2128/3223 2125/3217 2067/3220 2064/3224
f 2131/3232 2128/3223 2064/3224 2070/3233
f 2134/4157 2131/4167 2070/4158 2061/4147
f 2137/4146 2134/4157 2061/4147 2058/4134
f 2140/4133 2137/4146 2058/4134 2055/4124
f 2082/4123 2140/4133 2055/4124 2048/4114
f 2143/4104 2084/4105 2052/4100 2044/4099
f 2149/1295 2092/1296 2008/1290 2002/1285
f 2002/1285 2734/1289 2732/1298 2149/1295
f 2155/1276 2152/1284 2014/1277 2011/1265
f 2158/1264 2725/1273 2726/1274 2724/1275 2155/1276 2011/1265 1999/1256
f 2161/1255 2158/1264 1999/1256 1996/1245
f 2164/1253 2161/1255 1996/1245 1993/1234
f 2095/1239 2164/1253 1993/1234 1987/1220
f 1904/1178 1905/1165 2178/1173 2173/1184
f 1913/1249 1912/1259 2184/1268 2179/1261
f 2181/4103 2182/4109 2170/4118 2146/4110
f 2175/1211 2176/1194 2167/1210 2101/1223
f 1989/1189 1902/1177 1904/1178 1992/1190
f 1908/1197 1906/1188 1995/1203 1998/1214
f 2001/1228 1910/1215 1908/1197 1998/1214
f 2184/1268 1912/1259 2004/1267 2006/1279
f 1917/1248 1914/1229 2013/1247 2016/1258
f 1914/1229 1910/1215 2001/1228 2013/1247
f 1912/1259 1917/1248 2016/1258 2004/1267
f 1992/1190 1904/1178 2173/1184 2022/1196
f 1995/1203 1906/1188 1902/1177 1989/1189
f 2178/1173 1905/1165 1894/1154 2035/1162
f 2046/1260 1899/1250 1913/1249 2179/1261
f 2175/1211 2101/1223 2076/1242 2018/1224
f 2104/1209 2167/1210 2176/1194 2037/1182
f 2181/4103 2146/4110 2143/4104 2044/4099
f 2090/4126 2170/4118 2182/4109 2010/4117
f 2188/1309 2185/1310 1918/1301 1921/1304
f 2200/1325 1924/1315 2191/1324 2197/1336
f 1922/1305 2205/1311 2206/1312 1923/1306
f 2218/1333 1925/1322 2209/1332 2215/1341
f 1924/1315 1926/1314 2221/1323 2191/1324
f 1926/1314 1925/1322 2218/1333 2221/1323
f 2224/1316 1927/1308 1924/1315 2200/1325
f 2209/1332 1925/1322 1929/1313 2227/1321
f 1923/1306 2206/1312 2227/1321 1929/1313
f 2188/1309 1921/1304 1927/1308 2224/1316
f 2249/3169 2246/3174 2187/3175 2190/3170
f 2199/1352 2745/1361 2743/1367 2235/1368
f 2233/3152 2255/3155 2202/3156 2195/3149
f 2260/3215 2261/3212 2208/3214 2203/3216
f 2264/3197 2243/3194 2217/3204 2211/3205
f 2220/1351 2707/1365 2705/1366 2267/1360
f 2270/1354 2252/1355 2193/1344 2223/1345
f 2267/1360 2270/1354 2223/1345 2220/1351
f 2255/3155 2273/3162 2226/3163 2202/3156
f 2276/3206 2264/3197 2211/3205 2229/3211
f 2261/3212 2276/3206 2229/3211 2208/3214
f 2273/3162 2249/3169 2190/3170 2226/3163
f 2279/1384 1933/1374 1932/1377 2282/1385
f 2279/1384 2285/1387 1945/1378 1933/1374
f 2288/1393 1950/1383 1951/1392 2293/1404
f 1950/1383 2288/1393 2282/1385 1932/1377
f 1944/1408 2299/1420 2294/1410 1940/1398
f 1956/1483 2309/1482 2306/1494 2300/1495
f 1931/1466 2312/1465 2309/1482 1956/1483
f 1930/1438 2315/1450 2312/1465 1931/1466
f 1941/1399 2321/1411 2318/1423 1957/1412
f 1940/1398 2294/1410 2321/1411 1941/1399
f 1958/1424 2324/1436 2315/1450 1930/1438
f 1957/1412 2318/1423 2324/1436 1958/1424
f 2100/1472 2330/1456 2327/1455 2097/1473 2714/1474 2715/1475 2713/1476
f 2072/1490 2336/1477 2330/1456 2100/1472
f 2109/3134 2290/3143 2291/3146 2106/3140
f 2112/3128 2284/3137 2290/3143 2109/3134
f 2115/3124 2281/3133 2284/3137 2112/3128
f 2115/3124 2116/3127 2287/3132 2281/3133
f 2124/1462 2296/1433 2297/1447 2121/1463
f 2127/3229 2323/3237 2296/3238 2124/3228
f 2130/3236 2320/3241 2323/3237 2127/3229
f 2133/3240 2326/3242 2320/3241 2130/3236
f 2136/4172 2317/4175 2326/4178 2133/4176
f 2139/4165 2314/4171 2317/4175 2136/4172
f 2142/4155 2311/4164 2314/4171 2139/4165
f 2080/4142 2308/4154 2311/4164 2142/4155
f 2145/4122 2302/4131 2304/4132 2086/4121
f 2151/1533 2345/1521 2342/1526 2094/1534
f 2154/1523 2348/1516 2729/1527
f 2157/1522 2351/1510 2348/1516 2154/1523
f 2160/1511 2354/1500 2723/1517 2721/1518
f 2163/1501 2357/1488 2354/1500 2160/1511
f 2166/1489 2360/1471 2357/1488 2163/1501
f 2097/1473 2327/1455 2360/1471 2166/1489
f 1961/1416 2365/1429 2366/1417 1962/1403
f 1970/1484 2371/1497 2372/1507 1969/1496
f 2369/4140 2148/4128 2172/4139 2374/4151
f 2363/1459 2103/1480 2169/1461 2368/1446
f 2329/1427 2332/1428 1961/1416 1959/1415
f 1965/1440 2359/1453 2362/1441 1963/1426
f 2356/1469 2359/1453 1965/1440 1967/1452
f 2372/1507 2344/1513 2347/1506 1969/1496
f 1974/1485 2350/1498 2353/1486 1971/1468
f 1971/1468 2353/1486 2356/1469 1967/1452
f 1969/1496 2347/1506 2350/1498 1974/1485
f 2332/1428 2334/1444 2365/1429 1961/1416
f 2362/1441 2329/1427 1959/1415 1963/1426
f 2366/1417 2293/1404 1951/1392 1962/1403
f 2300/1495 2371/1497 1970/1484 1956/1483
f 2363/1459 2338/1479 2078/1492 2103/1480
f 2106/1460 2291/1431 2368/1446 2169/1461
f 2369/4140 2302/4131 2145/4122 2148/4128
f 2088/4150 2340/4161 2374/4151 2172/4139
f 2377/1541 2378/1542 1978/1538 1975/1537
f 2390/1558 2387/1567 2381/1559 1981/1550
f 1979/1546 1980/1545 2396/1553 2393/1554
f 2408/1570 2405/1581 2399/1571 1982/1561
f 1981/1550 2381/1559 2411/1560 1983/1551
f 1983/1551 2411/1560 2408/1570 1982/1561
f 2414/1549 2390/1558 1981/1550 1984/1543
f 2399/1571 2417/1562 1986/1552 1982/1561
f 1980/1545 1986/1552 2417/1562 2396/1553
f 2378/1542 2414/1549 1984/1543 1978/1538
f 2251/3177 2380/3179 2375/3181 2248/3180
f 2254/1588 2383/1578 2742/1594 2740/1596
f 2231/3161 2389/3168 2392/3171 2257/3164
f 2263/3202 2258/3209 2395/3210 2398/3203
f 2266/3188 2401/3189 2403/3184 2245/3183
f 2710/1603 2410/1589 2269/1595 2709/1604
f 2272/1587 2413/1579 2383/1578 2254/1588
f 2269/1595 2410/1589 2413/1579 2272/1587
f 2257/3164 2392/3171 2416/3176 2275/3172
f 2278/3195 2419/3196 2401/3189 2266/3188
f 2263/3202 2398/3203 2419/3196 2278/3195
f 2275/3172 2416/3176 2380/3179 2251/3177
f 1987/1220 1988/1204 1991/1205 1990/1221
f 1988/1204 1989/1189 1992/1190 1991/1205
f 1990/1221 1991/1205 2021/1213 2020/1226
f 1991/1205 1992/1190 2022/1196 2021/1213
f 1989/1189 1988/1204 1994/1219 1995/1203
f 1988/1204 1987/1220 1993/1234 1994/1219
f 1995/1203 1994/1219 1997/1227 1998/1214
f 1994/1219 1993/1234 1996/1245 1997/1227
f 1998/1214 1997/1227 2000/1246 2001/1228
f 1997/1227 1996/1245 1999/1256 2000/1246
f 2002/1285 2003/1278 2015/1266 2014/1277
f 2003/1278 2004/1267 2016/1258 2015/1266
f 2001/1228 2000/1246 2012/1257 2013/1247
f 2000/1246 1999/1256 2011/1265 2012/1257
f 2013/1247 2012/1257 2015/1266 2016/1258
f 2012/1257 2011/1265 2014/1277 2015/1266
f 2023/1140 2024/1148 2027/1149 2026/1141
f 2024/1148 2025/1159 2028/1160 2027/1149
f 2026/1141 2027/1149 2033/1161 2032/1150
f 2027/1149 2028/1160 2034/1171 2033/1161
f 2032/1150 2033/1161 2036/1172 2035/1162
f 2033/1161 2034/1171 2037/1182 2036/1172
f 2038/1181 2039/1192 2042/1206 2041/1191
f 2039/1192 2040/1207 2043/1222 2042/1206
f 2053/1251 2054/1263 2057/1252 2056/1232
f 2054/4125 2055/4124 2058/4134 2057/4135
f 2056/1232 2057/1252 2060/1233 2059/1217
f 2057/4135 2058/4134 2061/4147 2060/4148
f 2059/1217 2060/1233 2069/1218 2068/1201
f 2060/4148 2061/4147 2070/4158 2069/4159
f 2062/1187 2063/1202 2066/1193 2065/1180
f 2063/3230 2064/3224 2067/3220 2066/3231
f 2040/1207 2039/1192 2066/1193 2067/1208
f 2039/1192 2038/1181 2065/1180 2066/1193
f 2064/3224 2063/3230 2069/3239 2070/3233
f 2063/1202 2062/1187 2068/1201 2069/1218
f 2095/4180 2096/4181 2165/4182 2164/4183
f 2096/4181 2097/4184 2166/4185 2165/4182
f 2712/3120 2717/3121 2098/3115 2099/3114
f 2078/4195 2077/4196 2102/4197 2103/4198
f 2077/4196 2076/4201 2101/4202 2102/4197
f 2104/4209 2105/4207 2168/4203 2167/4206
f 2105/4207 2106/4208 2169/4204 2168/4203
f 2106/3140 2105/3141 2108/3135 2109/3134
f 2105/3141 2104/3145 2107/3142 2108/3135
f 2109/3134 2108/3135 2111/3129 2112/3128
f 2108/3135 2107/3142 2110/3136 2111/3129
f 2112/3128 2111/3129 2114/3125 2115/3124
f 2111/3129 2110/3136 2113/3130 2114/3125
f 2121/3234 2120/3225 2123/3221 2124/3228
f 2120/3225 2119/3226 2122/3218 2123/3221
f 2124/3228 2123/3221 2126/3222 2127/3229
f 2123/3221 2122/3218 2125/3217 2126/3222
f 2127/3229 2126/3222 2129/3227 2130/3236
f 2126/3222 2125/3217 2128/3223 2129/3227
f 2130/3236 2129/3227 2132/3235 2133/3240
f 2129/3227 2128/3223 2131/3232 2132/3235
f 2133/4176 2132/4173 2135/4166 2136/4172
f 2132/4173 2131/4167 2134/4157 2135/4166
f 2136/4172 2135/4166 2138/4156 2139/4165
f 2135/4166 2134/4157 2137/4146 2138/4156
f 2139/4165 2138/4156 2141/4143 2142/4155
f 2138/4156 2137/4146 2140/4133 2141/4143
f 2086/4121 2085/4111 2144/4112 2145/4122
f 2085/4111 2084/4105 2143/4104 2144/4112
f 2145/4122 2144/4112 2147/4119 2148/4128
f 2144/4112 2143/4104 2146/4110 2147/4119
f 2094/3246 2093/3245 2150/3249 2151/3250
f 2093/3245 2092/3252 2149/3253 2150/3249
f 2728/4219 2737/4220 2735/4216
f 2154/4210 2153/4211 2156/4212 2157/4213
f 2153/4211 2152/4217 2155/4218 2156/4212
f 2720/4192 2725/4193 2158/4190 2159/4189
f 2160/4191 2159/4189 2162/4186 2163/4188
f 2159/4189 2158/4190 2161/4187 2162/4186
f 2163/4188 2162/4186 2165/4182 2166/4185
f 2162/4186 2161/4187 2164/4183 2165/4182
f 2103/4198 2102/4197 2168/4203 2169/4204
f 2102/4197 2101/4202 2167/4206 2168/4203
f 2148/4128 2147/4119 2171/4127 2172/4139
f 2147/4119 2146/4110 2170/4118 2171/4127
f 2018/1224 2017/1212 2174/1195 2175/1211
f 2017/1212 2022/1196 2173/1184 2174/1195
f 2035/1162 2036/1172 2177/1183 2178/1173
f 2036/1172 2037/1182 2176/1194 2177/1183
f 2044/4099 2045/4098 2180/4102 2181/4103
f 2045/1269 2046/1260 2179/1261 2180/1270
f 2006/1279 2005/1287 2183/1280 2184/1268
f 2005/4116 2010/4117 2182/4109 2183/4108
f 2187/1327 2186/1317 2189/1318 2190/1328
f 2186/1317 2185/1310 2188/1309 2189/1318
f 2191/1324 2192/1334 2198/1343 2197/1336
f 2192/1334 2193/1344 2199/1352 2198/1343
f 2200/1325 2201/1337 2225/1326 2224/1316
f 2201/1337 2202/1347 2226/1338 2225/1326
f 2206/1312 2207/1320 2228/1331 2227/1321
f 2207/1320 2208/1330 2229/1339 2228/1331
f 2209/1332 2210/1340 2216/1349 2215/1341
f 2210/1340 2211/1348 2217/1357 2216/1349
f 2218/1333 2219/1342 2222/1335 2221/1323
f 2219/1342 2220/1351 2223/1345 2222/1335
f 2193/1344 2192/1334 2222/1335 2223/1345
f 2192/1334 2191/1324 2221/1323 2222/1335
f 2190/1328 2189/1318 2225/1326 2226/1338
f 2189/1318 2188/1309 2224/1316 2225/1326
f 2211/1348 2210/1340 2228/1331 2229/1339
f 2210/1340 2209/1332 2227/1321 2228/1331
f 2248/3180 2247/3178 2250/3173 2251/3177
f 2247/3178 2246/3174 2249/3169 2250/3173
f 2237/4221 2236/4222 2738/4223 2741/4224
f 2255/3155 2256/3157 2274/3165 2273/3162
f 2256/3157 2257/3164 2275/3172 2274/3165
f 2261/3212 2262/3207 2277/3198 2276/3206
f 2262/3207 2263/3202 2278/3195 2277/3198
f 2245/3183 2244/3186 2265/3190 2266/3188
f 2244/3186 2243/3194 2264/3197 2265/3190
f 2267/4229 2268/4230 2271/4231 2270/4232
f 2268/4230 2269/4233 2272/4234 2271/4231
f 2254/4237 2253/4235 2271/4231 2272/4234
f 2253/4235 2252/4236 2270/4232 2271/4231
f 2251/3177 2250/3173 2274/3165 2275/3172
f 2250/3173 2249/3169 2273/3162 2274/3165
f 2266/3188 2265/3190 2277/3198 2278/3195
f 2265/3190 2264/3197 2276/3206 2277/3198
f 2279/1384 2280/1394 2286/1397 2285/1387
f 2280/1394 2281/1406 2287/1409 2286/1397
f 2281/1406 2280/1394 2283/1395 2284/1407
f 2280/1394 2279/1384 2282/1385 2283/1395
f 2284/1407 2283/1395 2289/1405 2290/1419
f 2283/1395 2282/1385 2288/1393 2289/1405
f 2294/1410 2295/1421 2322/1422 2321/1411
f 2295/1421 2296/1433 2323/1434 2322/1422
f 2308/4154 2307/4163 2310/4170 2311/4164
f 2307/1503 2306/1494 2309/1482 2310/1493
f 2311/4164 2310/4170 2313/4174 2314/4171
f 2310/1493 2309/1482 2312/1465 2313/1481
f 2314/4171 2313/4174 2316/4177 2317/4175
f 2313/1481 2312/1465 2315/1450 2316/1464
f 2318/1423 2319/1435 2325/1449 2324/1436
f 2319/3243 2320/3241 2326/3242 2325/3244
f 2320/1448 2319/1435 2322/1422 2323/1434
f 2319/1435 2318/1423 2321/1411 2322/1422
f 2317/4175 2316/4177 2325/4179 2326/4178
f 2316/1464 2315/1450 2324/1436 2325/1449
f 2327/1455 2328/1442 2361/1454 2360/1471
f 2328/1442 2329/1427 2362/1441 2361/1454
f 2329/1427 2328/1442 2331/1443 2332/1428
f 2328/1442 2327/1455 2330/1456 2331/1443
f 2344/1513 2343/1520 2346/1514 2347/1506
f 2343/1520 2342/1526 2345/1521 2346/1514
f 2347/1506 2346/1514 2349/1509 2350/1498
f 2346/1514 2345/1521 2348/1516 2349/1509
f 2350/1498 2349/1509 2352/1499 2353/1486
f 2349/1509 2348/1516 2351/1510 2352/1499
f 2353/1486 2352/1499 2355/1487 2356/1469
f 2352/1499 2351/1510 2354/1500 2355/1487
f 2356/1469 2355/1487 2358/1470 2359/1453
f 2355/1487 2354/1500 2357/1488 2358/1470
f 2359/1453 2358/1470 2361/1454 2362/1441
f 2358/1470 2357/1488 2360/1471 2361/1454
f 2334/1444 2333/1458 2364/1445 2365/1429
f 2333/1458 2338/1479 2363/1459 2364/1445
f 2291/1431 2292/1418 2367/1430 2368/1446
f 2292/1418 2293/1404 2366/1417 2367/1430
f 2300/1495 2301/1504 2370/1508 2371/1497
f 2301/4144 2302/4131 2369/4140 2370/4152
f 2340/4161 2339/4169 2373/4162 2374/4151
f 2339/1519 2344/1513 2372/1507 2373/1515
f 2378/1542 2379/1548 2415/1557 2414/1549
f 2379/1548 2380/1556 2416/1565 2415/1557
f 2381/1559 2382/1568 2412/1569 2411/1560
f 2382/1568 2383/1578 2413/1579 2412/1569
f 2389/1584 2388/1576 2391/1566 2392/1575
f 2388/1576 2387/1567 2390/1558 2391/1566
f 2395/1573 2394/1563 2397/1564 2398/1574
f 2394/1563 2393/1554 2396/1553 2397/1564
f 2399/1571 2400/1582 2418/1572 2417/1562
f 2400/1582 2401/1592 2419/1583 2418/1572
f 2407/1597 2406/1590 2409/1580 2410/1589
f 2406/1590 2405/1581 2408/1570 2409/1580
f 2410/1589 2409/1580 2412/1569 2413/1579
f 2409/1580 2408/1570 2411/1560 2412/1569
f 2392/1575 2391/1566 2415/1557 2416/1565
f 2391/1566 2390/1558 2414/1549 2415/1557
f 2398/1574 2397/1564 2418/1572 2419/1583
f 2397/1564 2396/1553 2417/1562 2418/1572
f 2009/1297 2010/1299 2005/1287 2420/1291
f 2005/1287 2006/1279 2007/1286 2420/1291
f 2007/1286 2008/1290 2009/1297 2420/1291
f 2021/1213 2022/1196 2017/1212 2421/1225
f 2017/1212 2018/1224 2019/1243 2421/1225
f 2019/1243 2020/1226 2021/1213 2421/1225
f 2051/4101 2052/4100 2047/4106 2422/4107
f 2047/4106 2048/4114 2049/4115 2422/4107
f 2049/1272 2050/1262 2051/1271 2422/1281
f 2077/4196 2078/4195 2071/4199 2423/4200
f 2071/3122 2072/3118 2073/3113 2423/3117
f 2073/3113 2074/3112 2075/3116 2423/3117
f 2075/4205 2076/4201 2077/4196 2423/4200
f 2085/4111 2086/4121 2079/4129 2424/4120
f 2079/4129 2080/4142 2081/4130 2424/4120
f 2081/4130 2082/4123 2083/4113 2424/4120
f 2083/4113 2084/4105 2085/4111 2424/4120
f 2093/3245 2094/3246 2087/3247 2425/3248
f 2087/4160 2088/4150 2089/4136 2425/4149
f 2089/4136 2090/4126 2091/4138 2425/4149
f 2091/3251 2092/3252 2093/3245 2425/3248
f 2198/1343 2199/1352 2194/1362 2426/1353
f 2194/1362 2195/1356 2196/1346 2426/1353
f 2196/1346 2197/1336 2198/1343 2426/1353
f 2216/1349 2217/1357 2212/1364 2427/1358
f 2212/1364 2213/1359 2214/1350 2427/1358
f 2214/1350 2215/1341 2216/1349 2427/1358
f 2236/3159 2237/3166 2230/3160 2428/3154
f 2230/3160 2231/3161 2232/3153 2428/3154
f 2232/3153 2233/3152 2234/3151 2428/3154
f 2234/3151 2235/3158 2236/3159 2428/3154
f 2244/3186 2245/3183 2238/3182 2429/3187
f 2238/3182 2239/3191 2240/3192 2429/3187
f 2240/3192 2241/3201 2242/3193 2429/3187
f 2242/3193 2243/3194 2244/3186 2429/3187
f 2307/4163 2308/4154 2303/4141 2430/4153
f 2303/4141 2304/4132 2305/4145 2430/4153
f 2305/1505 2306/1494 2307/1503 2430/1512
f 2337/1491 2338/1479 2333/1458 2431/1478
f 2333/1458 2334/1444 2335/1457 2431/1478
f 2335/1457 2336/1477 2337/1491 2431/1478
f 2343/1520 2344/1513 2339/1519 2432/1525
f 2339/1519 2340/1531 2341/1532 2432/1525
f 2341/1532 2342/1526 2343/1520 2432/1525
f 2388/1576 2389/1584 2384/1593 2433/1585
f 2384/1593 2385/1586 2386/1577 2433/1585
f 2386/1577 2387/1567 2388/1576 2433/1585
f 2406/1590 2407/1597 2402/1605 2434/1598
f 2402/1605 2403/1599 2404/1591 2434/1598
f 2404/1591 2405/1581 2406/1590 2434/1598
f 2445/1704 2435/1694 2436/1695 2446/1705
f 2446/1705 2436/1695 2437/1703 2447/1715
f 2447/1715 2437/1703 2438/1714 2448/1723
f 2448/1723 2438/1714 2439/1722 2449/1729
f 2449/1729 2439/1722 2440/1728 2450/1734
f 2450/1734 2440/1728 2441/1733 2451/1739
f 2451/1739 2441/1733 2442/1738 2452/1744
f 2452/1744 2442/1738 2443/1743 2453/1749
f 2453/1749 2443/1743 2444/1748 2454/1754
f 2456/4241 2445/4242 2446/4243 2457/4244
f 2457/4244 2446/4243 2447/4247 2458/4248
f 2458/4248 2447/4247 2448/4254 2459/4255
f 2459/4255 2448/4254 2449/4258 2460/4259
f 2460/4259 2449/4258 2450/4261 2461/4262
f 2461/4262 2450/4261 2451/4264 2462/4265
f 2462/4265 2451/4264 2452/4267 2463/4268
f 2463/4268 2452/4267 2453/4270 2464/4271
f 2464/4271 2453/4270 2454/4273 2465/4274
f 2466/4249 2456/4241 2457/4244 2467/4250
f 2467/4250 2457/4244 2458/4248 2468/4256
f 2468/4256 2458/4248 2459/4255 2469/4260
f 2469/4260 2459/4255 2460/4259 2470/4263
f 2470/4263 2460/4259 2461/4262 2471/4266
f 2471/4266 2461/4262 2462/4265 2472/4269
f 2472/4269 2462/4265 2463/4268 2473/4272
f 2473/4272 2463/4268 2464/4271 2474/4275
f 2474/4275 2464/4271 2465/4274 2475/4278
f 2476/1610 2466/1615 2467/1616 2477/1611
f 2477/1611 2467/1616 2468/1625 2478/1617
f 2478/1617 2468/1625 2469/1636 2479/1626
f 2479/1626 2469/1636 2470/1644 2480/1637
f 2480/1637 2470/1644 2471/1650 2481/1645
f 2481/1645 2471/1650 2472/1655 2482/1651
f 2482/1651 2472/1655 2473/1660 2483/1656
f 2483/1656 2473/1660 2474/1665 2484/1661
f 2484/1661 2474/1665 2475/1670 2485/1666
f 2486/1609 2476/1610 2477/1611 2487/1612
f 2487/1612 2477/1611 2478/1617 2488/1618
f 2488/1618 2478/1617 2479/1626 2489/1627
f 2489/1627 2479/1626 2480/1637 2490/1638
f 2490/1638 2480/1637 2481/1645 2491/1646
f 2491/1646 2481/1645 2482/1651 2492/1652
f 2492/1652 2482/1651 2483/1656 2493/1657
f 2493/1657 2483/1656 2484/1661 2494/1662
f 2494/1662 2484/1661 2485/1666 2495/1667
f 2496/1619 2486/1609 2487/1612 2497/1620
f 2497/1620 2487/1612 2488/1618 2498/1628
f 2498/1628 2488/1618 2489/1627 2499/1639
f 2499/1639 2489/1627 2490/1638 2500/1647
f 2500/1647 2490/1638 2491/1646 2501/1653
f 2501/1653 2491/1646 2492/1652 2502/1658
f 2502/1658 2492/1652 2493/1657 2503/1663
f 2503/1663 2493/1657 2494/1662 2504/1668
f 2504/1668 2494/1662 2495/1667 2505/1673
f 2506/1629 2496/1619 2497/1620 2507/1630
f 2507/1630 2497/1620 2498/1628 2508/1640
f 2508/1640 2498/1628 2499/1639 2509/1648
f 2509/1648 2499/1639 2500/1647 2510/1654
f 2510/1654 2500/1647 2501/1653 2511/1659
f 2511/1659 2501/1653 2502/1658 2512/1664
f 2512/1664 2502/1658 2503/1663 2513/1669
f 2513/1669 2503/1663 2504/1668 2514/1674
f 2514/1674 2504/1668 2505/1673 2515/1679
f 2516/4283 2506/4284 2507/4285 2517/4286
f 2517/4286 2507/4285 2508/4289 2518/4290
f 2518/4290 2508/4289 2509/4296 2519/4297
f 2519/4297 2509/4296 2510/4302 2520/4303
f 2520/4303 2510/4302 2511/4306 2521/4307
f 2521/4307 2511/4306 2512/4309 2522/4310
f 2522/4310 2512/4309 2513/4312 2523/4313
f 2523/4313 2513/4312 2514/4315 2524/4316
f 2524/4316 2514/4315 2515/4318 2525/4319
f 2526/4291 2516/4283 2517/4286 2527/4292
f 2527/4292 2517/4286 2518/4290 2528/4298
f 2528/4298 2518/4290 2519/4297 2529/4304
f 2529/4304 2519/4297 2520/4303 2530/4308
f 2530/4308 2520/4303 2521/4307 2531/4311
f 2531/4311 2521/4307 2522/4310 2532/4314
f 2532/4314 2522/4310 2523/4313 2533/4317
f 2533/4317 2523/4313 2524/4316 2534/4320
f 2534/4320 2524/4316 2525/4319 2535/4323
f 2536/1685 2526/1690 2527/1691 2537/1686
f 2537/1686 2527/1691 2528/1700 2538/1692
f 2538/1692 2528/1700 2529/1711 2539/1701
f 2539/1701 2529/1711 2530/1719 2540/1712
f 2540/1712 2530/1719 2531/1725 2541/1720
f 2541/1720 2531/1725 2532/1730 2542/1726
f 2542/1726 2532/1730 2533/1735 2543/1731
f 2543/1731 2533/1735 2534/1740 2544/1736
f 2544/1736 2534/1740 2535/1745 2545/1741
f 2546/1684 2536/1685 2537/1686 2547/1687
f 2547/1687 2537/1686 2538/1692 2548/1693
f 2548/1693 2538/1692 2539/1701 2549/1702
f 2549/1702 2539/1701 2540/1712 2550/1713
f 2550/1713 2540/1712 2541/1720 2551/1721
f 2551/1721 2541/1720 2542/1726 2552/1727
f 2552/1727 2542/1726 2543/1731 2553/1732
f 2553/1732 2543/1731 2544/1736 2554/1737
f 2554/1737 2544/1736 2545/1741 2555/1742
f 2435/1694 2546/1684 2547/1687 2436/1695
f 2436/1695 2547/1687 2548/1693 2437/1703
f 2437/1703 2548/1693 2549/1702 2438/1714
f 2438/1714 2549/1702 2550/1713 2439/1722
f 2439/1722 2550/1713 2551/1721 2440/1728
f 2440/1728 2551/1721 2552/1727 2441/1733
f 2441/1733 2552/1727 2553/1732 2442/1738
f 2442/1738 2553/1732 2554/1737 2443/1743
f 2443/1743 2554/1737 2555/1742 2444/1748
f 2559/1718 2557/1709 2691/1699 2692/1710
f 2561/4251 2559/4252 2692/4246 2693/4245
f 2563/4257 2561/4251 2693/4245 2694/4253
f 2565/1622 2563/1633 2694/1623 2695/1614
f 2567/1621 2565/1622 2695/1614 2696/1613
f 2569/1634 2567/1621 2696/1613 2697/1624
f 2571/1643 2569/1634 2697/1624 2698/1635
f 2573/4293 2571/4294 2698/4288 2699/4287
f 2575/4301 2573/4293 2699/4287 2700/4295
f 2577/1697 2575/1708 2700/1698 2701/1689
f 2579/1696 2577/1697 2701/1689 2702/1688
f 2557/1709 2579/1696 2702/1688 2691/1699
f 2558/3257 2560/3258 2556/3259
f 2560/3258 2562/3260 2556/3259
f 2562/3260 2564/3264 2556/3259
f 2564/3264 2566/3267 2556/3259
f 2566/3267 2568/3269 2556/3259
f 2568/3269 2570/3271 2556/3259
f 2570/3271 2572/3272 2556/3259
f 2572/3272 2574/3270 2556/3259
f 2574/3270 2576/3268 2556/3259
f 2576/3268 2578/3265 2556/3259
f 2578/3265 2580/3261 2556/3259
f 2580/3261 2558/3257 2556/3259
f 2579/1696 2557/1709 2558/1716 2580/1706
f 2560/1724 2558/1716 2557/1709 2559/1718
f 2562/3260 2560/3258 2559/3262 2561/3263
f 2564/3264 2562/3260 2561/3263 2563/3266
f 2566/1632 2564/1641 2563/1633 2565/1622
f 2568/1631 2566/1632 2565/1622 2567/1621
f 2570/1642 2568/1631 2567/1621 2569/1634
f 2572/1649 2570/1642 2569/1634 2571/1643
f 2574/4299 2572/4300 2571/4294 2573/4293
f 2576/4305 2574/4299 2573/4293 2575/4301
f 2578/1707 2576/1717 2575/1708 2577/1697
f 2579/1696 2580/1706 2578/1707 2577/1697
f 2583/1753 2582/1756 2585/1758 2584/1757
f 2582/3273 2581/3274 2586/3275 2585/3276
f 2586/3275 2581/3274 2455/3279
f 2589/3280 2586/3275 2455/3279
f 2592/3284 2589/3280 2455/3279
f 2595/3288 2592/3284 2455/3279
f 2598/3292 2595/3288 2455/3279
f 2601/3298 2598/3292 2455/3279
f 2604/3295 2601/3298 2455/3279
f 2607/3291 2604/3295 2455/3279
f 2610/3287 2607/3291 2455/3279
f 2613/3283 2610/3287 2455/3279
f 2616/3278 2613/3283 2455/3279
f 2581/3274 2616/3278 2455/3279
f 2454/1754 2444/1748 2583/1753 2584/1757
f 2465/4274 2454/4273 2584/4276 2587/4277
f 2475/4278 2465/4274 2587/4277 2590/4281
f 2485/1666 2475/1670 2590/1675 2593/1671
f 2495/1667 2485/1666 2593/1671 2596/1672
f 2505/1673 2495/1667 2596/1672 2599/1678
f 2515/1679 2505/1673 2599/1678 2602/1682
f 2525/4319 2515/4318 2602/4321 2605/4322
f 2535/4323 2525/4319 2605/4322 2608/4324
f 2545/1741 2535/1745 2608/1750 2611/1746
f 2555/1742 2545/1741 2611/1746 2614/1747
f 2444/1748 2555/1742 2614/1747 2583/1753
f 2584/4276 2585/4279 2588/4280 2587/4277
f 2585/3276 2586/3275 2589/3280 2588/3281
f 2587/4277 2588/4280 2591/4282 2590/4281
f 2588/3281 2589/3280 2592/3284 2591/3285
f 2590/1675 2591/1680 2594/1676 2593/1671
f 2591/3285 2592/3284 2595/3288 2594/3289
f 2593/1671 2594/1676 2597/1677 2596/1672
f 2594/3289 2595/3288 2598/3292 2597/3293
f 2596/1672 2597/1677 2600/1681 2599/1678
f 2597/3293 2598/3292 2601/3298 2600/3299
f 2599/1678 2600/1681 2603/1683 2602/1682
f 2600/3299 2601/3298 2604/3295 2603/3294
f 2602/3300 2603/3294 2606/3290 2605/3296
f 2603/3294 2604/3295 2607/3291 2606/3290
f 2605/3296 2606/3290 2609/3286 2608/3297
f 2606/3290 2607/3291 2610/3287 2609/3286
f 2608/1750 2609/1755 2612/1751 2611/1746
f 2609/3286 2610/3287 2613/3283 2612/3282
f 2611/1746 2612/1751 2615/1752 2614/1747
f 2612/3282 2613/3283 2616/3278 2615/3277
f 2581/3274 2582/3273 2615/3277 2616/3278
f 2582/1756 2583/1753 2614/1747 2615/1752
f 2619/1785 2622/1793 2658/1794 2655/1786
f 2622/4325 2625/4326 2661/4327 2658/4328
f 2625/4326 2628/4331 2664/4332 2661/4327
f 2628/1769 2631/1759 2667/1762 2664/1770
f 2631/1759 2634/1760 2670/1761 2667/1762
f 2634/1760 2637/1765 2673/1766 2670/1761
f 2637/1765 2640/1773 2676/1774 2673/1766
f 2640/4337 2643/4338 2679/4339 2676/4340
f 2643/4338 2646/4341 2682/4342 2679/4339
f 2646/1789 2649/1779 2685/1782 2682/1790
f 2649/1779 2652/1780 2688/1781 2685/1782
f 2652/1780 2619/1785 2655/1786 2688/1781
f 2624/3301 2621/3302 2617/3303
f 2627/3307 2624/3301 2617/3303
f 2630/3311 2627/3307 2617/3303
f 2633/3315 2630/3311 2617/3303
f 2636/3319 2633/3315 2617/3303
f 2639/3323 2636/3319 2617/3303
f 2642/3322 2639/3323 2617/3303
f 2645/3318 2642/3322 2617/3303
f 2648/3314 2645/3318 2617/3303
f 2651/3310 2648/3314 2617/3303
f 2654/3306 2651/3310 2617/3303
f 2621/3302 2654/3306 2617/3303
f 2657/3329 2660/3330 2618/3331
f 2660/3330 2663/3334 2618/3331
f 2663/3334 2666/3338 2618/3331
f 2666/3338 2669/3342 2618/3331
f 2669/3342 2672/3346 2618/3331
f 2672/3346 2675/3350 2618/3331
f 2675/3350 2678/3351 2618/3331
f 2678/3351 2681/3347 2618/3331
f 2681/3347 2684/3343 2618/3331
f 2684/3343 2687/3339 2618/3331
f 2687/3339 2690/3335 2618/3331
f 2690/3335 2657/3329 2618/3331
f 2619/1785 2620/1792 2623/1797 2622/1793
f 2620/3304 2621/3302 2624/3301 2623/3305
f 2622/4325 2623/4329 2626/4330 2625/4326
f 2623/3305 2624/3301 2627/3307 2626/3309
f 2625/4326 2626/4330 2629/4335 2628/4331
f 2626/3309 2627/3307 2630/3311 2629/3313
f 2628/1769 2629/1771 2632/1763 2631/1759
f 2629/3313 2630/3311 2633/3315 2632/3317
f 2631/1759 2632/1763 2635/1764 2634/1760
f 2632/3317 2633/3315 2636/3319 2635/3321
f 2634/1760 2635/1764 2638/1772 2637/1765
f 2635/3321 2636/3319 2639/3323 2638/3327
f 2637/1765 2638/1772 2641/1777 2640/1773
f 2638/3327 2639/3323 2642/3322 2641/3324
f 2640/3328 2641/3324 2644/3320 2643/3325
f 2641/3324 2642/3322 2645/3318 2644/3320
f 2643/3325 2644/3320 2647/3316 2646/3326
f 2644/3320 2645/3318 2648/3314 2647/3316
f 2646/1789 2647/1791 2650/1783 2649/1779
f 2647/3316 2648/3314 2651/3310 2650/3312
f 2649/1779 2650/1783 2653/1784 2652/1780
f 2650/3312 2651/3310 2654/3306 2653/3308
f 2621/3302 2620/3304 2653/3308 2654/3306
f 2620/1792 2619/1785 2652/1780 2653/1784
f 2655/1786 2656/1795 2689/1788 2688/1781
f 2656/3332 2657/3329 2690/3335 2689/3336
f 2657/3329 2656/3332 2659/3333 2660/3330
f 2656/1795 2655/1786 2658/1794 2659/1798
f 2660/3330 2659/3333 2662/3337 2663/3334
f 2659/4333 2658/4328 2661/4327 2662/4334
f 2663/3334 2662/3337 2665/3341 2666/3338
f 2662/4334 2661/4327 2664/4332 2665/4336
f 2666/3338 2665/3341 2668/3345 2669/3342
f 2665/1776 2664/1770 2667/1762 2668/1767
f 2669/3342 2668/3345 2671/3349 2672/3346
f 2668/1767 2667/1762 2670/1761 2671/1768
f 2672/3346 2671/3349 2674/3353 2675/3350
f 2671/1768 2670/1761 2673/1766 2674/1775
f 2675/3350 2674/3353 2677/3352 2678/3351
f 2674/1775 2673/1766 2676/1774 2677/1778
f 2678/3351 2677/3352 2680/3348 2681/3347
f 2677/4343 2676/4340 2679/4339 2680/4344
f 2681/3347 2680/3348 2683/3344 2684/3343
f 2680/4344 2679/4339 2682/4342 2683/4345
f 2684/3343 2683/3344 2686/3340 2687/3339
f 2683/1796 2682/1790 2685/1782 2686/1787
f 2687/3339 2686/3340 2689/3336 2690/3335
f 2686/1787 2685/1782 2688/1781 2689/1788
f 2692/1710 2691/1699 2435/1694 2445/1704
f 2693/4245 2692/4246 2445/4242 2456/4241
f 2694/4253 2693/4245 2456/4241 2466/4249
f 2695/1614 2694/1623 2466/1615 2476/1610
f 2696/1613 2695/1614 2476/1610 2486/1609
f 2697/1624 2696/1613 2486/1609 2496/1619
f 2698/1635 2697/1624 2496/1619 2506/1629
f 2699/4287 2698/4288 2506/4284 2516/4283
f 2700/4295 2699/4287 2516/4283 2526/4291
f 2701/1689 2700/1698 2526/1690 2536/1685
f 2702/1688 2701/1689 2536/1685 2546/1684
f 2691/1699 2702/1688 2546/1684 2435/1694
f 2705/3354 2704/3358 2268/3360 2267/3361
f 2241/3201 2240/3192 2703/3200 2706/3208
f 2241/1372 2706/1373 2707/1365 2213/1359
f 2213/1359 2707/1365 2220/1351
f 2240/3192 2239/3191 2708/3199 2703/3200
f 2239/1606 2407/1597 2710/1603 2708/1608
f 2710/1603 2407/1597 2410/1589
f 2705/3354 2707/3355 2710/3356 2709/3357 2704/3358
f 2710/4364 2707/4365 2706/4366 2703/4367 2708/4368
f 2713/3123 2712/3120 2099/3114 2100/3119
f 2097/3367 2096/3368 2711/3365 2714/3364
f 2096/3368 2095/3369 2716/3366 2711/3365
f 2713/4346 2715/4347 2718/4348 2717/4349 2712/4350
f 2718/3362 2715/3363 2714/3364 2711/3365 2716/3366
f 2721/4194 2720/4192 2159/4189 2160/4191
f 2157/1522 2156/1529 2719/1530 2722/1524
f 2156/1282 2155/1276 2724/1275 2719/1283
f 2721/3370 2723/3371 2726/3372 2725/3373 2720/3374
f 2726/4351 2723/4352 2722/4353 2719/4354 2724/4355
f 2735/4216 2736/4215 2728/4219
f 2151/3250 2150/3249 2727/3254 2730/3255
f 2731/1528 2345/1521 2151/1533 2730/1535
f 2729/1527 2348/1516 2345/1521 2731/1528
f 2723/1517 2354/1500 2351/1510
f 2723/1517 2351/1510 2157/1522 2722/1524
f 2150/3249 2149/3253 2732/3256 2727/3254
f 2014/1277 2734/1289 2002/1285
f 2152/1284 2733/1288 2734/1289 2014/1277
f 2735/1292 2737/1293 2733/1288 2152/1284 2153/1294
f 2729/4214 2736/4215 2735/4216 2153/4211 2154/4210
f 2740/4240 2739/4238 2253/4235 2254/4237
f 2742/1594 2385/1586 2237/1601 2741/1602
f 2742/1594 2383/1578 2385/1586
f 2236/4222 2235/4225 2743/4226 2738/4223
f 2739/4238 2744/4239 2252/4236 2253/4235
f 2742/3375 2745/3376 2744/3377 2739/3378 2740/3379
f 2741/4224 2738/4223 2743/4226 2745/4227 2742/4228
f 2193/1344 2745/1361 2199/1352
f 2252/1355 2744/1363 2745/1361 2193/1344
